{"1":"Wasser","2":"Feuer","3":"Erde","4":"Luft","5":"Dampf","6":"Lava","7":"Druck","8":"Vulkan","9":"Meer","10":"Ozean","11":"Energie","12":"Schlamm","13":"Regen","14":"Staub","15":"Wolke","16":"Sturm","17":"Geysir","18":"Insel","19":"Erdbeben","20":"Wind","21":"Eruption","22":"Himmel","23":"Hurrikan","24":"Pflanze","25":"Schießpulver","26":"Explosion","27":"Stein","28":"Sand","29":"Asche","30":"Kohle","31":"Diamant","32":"Glas","33":"Sanduhr","34":"Aquarium","35":"Glashaus","36":"Metall","37":"Rost","38":"Kessel","39":"Patrone","40":"Stahl","41":"Zeit","42":"Baum","43":"Sumpf","44":"Leben","45":"Plankton","46":"Vogel","47":"Phönix","48":"Mensch","49":"Ei","50":"Ton","51":"Golem","52":"Keramik","53":"Werkzeug","54":"Dampfmaschine","55":"Schneide","56":"Holz","57":"Axt","58":"Wald","59":"Liebe","60":"Holzfäller","61":"Zug ","62":"Dampfschiff","63":"Lagerfeuer","64":"Rogen","65":"Omelette","66":"Kaviar","67":"Schildkröte","68":"Fisch","69":"Eidechse","70":"Feld","71":"Bauer","72":"Haus","73":"Vieh","74":"Hühnchen","75":"Gras","76":"Kuh","77":"Milch","78":"Käse","79":"Mond","80":"Tabak","81":"Pfeife","82":"Rad","83":"Fahrrad","84":"Weizen","85":"Mehl","86":"Teig","87":"Brot","88":"Frucht","89":"Kuchen","90":"Fleisch","91":"belegtes Brötchen","92":"Rauch","93":"Schinken","94":"Pistole","95":"Leiche","96":"Zombie","97":"Sarg","98":"Grab","99":"Friedhof","100":"Boot","101":"Wüste","102":"Kaktus","103":"Seetang","104":"Drache","105":"Fahrradfahrer","106":"Feuerwehrmann","107":"Strand","108":"Sonne","109":"Palme","110":"Regenbogen","111":"Tsunami","112":"Blut","113":"Segelboot","114":"Elektrizität","115":"Glühbirne","116":"Tannenbaum","117":"Uhr","118":"Frankenstein","119":"Kabel","120":"Kettensäge","121":"Elektriker","122":"Licht","123":"Zitteraal","124":"Sonnenblume","125":"Öl","126":"Tag","127":"Nacht","128":"Sonnenzelle","129":"Sonnenfinsternis","130":"Welle","131":"Gezeiten","132":"Kamin","133":"Sonnenuhr","134":"Doppel Regenbogen","135":"Sense","136":"Grabstein","137":"Dämmerung","138":"Flöte","139":"Wasserpfeife","140":"Wildtier","141":"Schlange","142":"Krankheit","143":"Kälte","144":"Schnee","145":"Seekrankheit","146":"Schneemann","147":"Toast","148":"Eis","149":"Schwert","150":"Pinguin","151":"Windmühle","152":"saurer Regen","153":"Flugzeug","154":"Algen","155":"Allergie","156":"Alligator","157":"Kämpfer","158":"Engel","159":"Antarktis","160":"Archipel","161":"Rüstung","162":"Astronaut","163":"Atmosphäre","164":"Atombombe","165":"Schwein","166":"Bakterien","167":"Scheune","168":"Bajonett","169":"Bieber","170":"Vogelhaus","171":"Schneesturm","172":"Ziegel","173":"Eule","174":"Metzger","175":"Auto","176":"Holzkohle","177":"Stern","178":"Ritter","179":"Kuckuck","180":"Dinosaurier","181":"Hund","182":"Ente","183":"Düne","184":"Ingenieur","185":"Brille","186":"Familie","187":"Fruchtbaum","188":"Obstgarten","189":"Feuerwerk","190":"Hochwasser","191":"Nebel","192":"Garten","193":"Granate","194":"Hagel","195":"Heu","196":"Held","197":"Horizont","198":"Pferd","199":"Krankenhaus","200":"Speiseeis","201":"Berg","202":"Gletscher","203":"Alkohol","204":"Nerd","205":"Handwagen","206":"Wagen","207":"Arzt","208":"Papier","209":"Zeitung","210":"Salz","211":"Vampir","212":"Sonnenbrille","213":"Iglu","214":"Sandsturm","215":"Oase","216":"Roboter","217":"Sushi","218":"Baumhaus","219":"Einhorn","220":"Speck","221":"Zigarette","222":"Pilot","223":"Seepferd","224":"Fossil","225":"Ring","226":"Pegasus","227":"Haifisch","228":"Weltraum","229":"Joghurt","230":"Computer","231":"Maus","232":"Bäcker","233":"Bleistift","234":"Seestern","235":"Wein","236":"Fernrohr","237":"Pizza","238":"Katze","239":"Schall","240":"Lichtschwert","241":"Jedi","242":"Wolf","243":"Werwolf","244":"Sensenmann","245":"Seemann","246":"Kamel","247":"Wand","248":"Planet","249":"Rakete","250":"Schwertfisch","251":"Betrunkener","252":"Musik","253":"Smog","254":"Bier","255":"Möwe","256":"Saft","257":"Dorf","258":"Schere","259":"Erzählung","260":"Brief","261":"Kokosnuss","262":"Kokosmilch","263":"Zucker","264":"Fledermaus","265":"Eichhörnchen","266":"Fluss","267":"Keks","268":"Eisberg","269":"Geier","270":"Knochen","271":"Skittles","272":"Zuckerwatte","273":"gefriertes Joghurt","274":"swedish fish","275":"ring pop","276":"nerds","277":"popsicle","278":"peeps","279":"pop rocks","280":"sweethearts","281":"pokki","282":"Burg","283":"Zentaur","284":"Nest","285":"Löwe","286":"Hundehütte","287":"Wolkenkratzer","288":"Dynamit","289":"Ziege","290":"Frühstücksflocken","291":"Schwarzes Loch","293":"starburst","294":"juicz fruit","295":"Karamel","296":"Goldfisch","297":"Astronauten Speiseeis","298":"milk way","299":"guiness float","300":"caramel apple","301":"Leuchtturm","302":"Surfer","303":"Affe","304":"Idee","305":"Galaxis","306":"Lampe","307":"Spiegel","308":"Meteoroid","309":"Meteor","310":"Schnabeltier","311":"Pirat","312":"Lavalampe","313":"Hamburger","314":"Email","315":"Prisma","316":"Schleifpapier","317":"Drachen","318":"Origami","319":"Darth Vader","320":"Statue","321":"Willy Wonka","322":"Schokolade","323":"mounds","324":"caramelo","325":"Twix","326":"cadburz eggs","327":"Schokoladmilch","328":"Keksteig","329":"Red Vines","330":"Fun Dip","331":"Stadt","332":"Adler","333":"Armbanduhr","334":"Ambulanz","335":"Seekuh","336":"Skibrille","337":"Schwimmbrille","338":"Cyborg","339":"Meerjungfrau","340":"Schaf","341":"Außerirdische","342":"Buch","343":"Batman","344":"Damm","345":"Internet","346":"Motorrad","347":"Lawine","348":"Leder","349":"Zauberer","350":"Faun","351":"Gold","352":"Moos","353":"Kurzzeitwecker","354":"Butter","355":"Sauerstoff","356":"Pyramide","357":"Sandburg","358":"Yoda","359":"Schirm","360":"Teich","361":"Wolle","362":"Vogelscheuche","363":"Kohlendioxid","364":"König","365":"Brücke","366":"Besen","367":"Blatt","368":"Kühlschrank","369":"Drucker","370":"Skorpion","371":"Weihnachtsmann","372":"Rentier","373":"Schlitten","374":"Zuckerstange","375":"Weihnachtsstrumpf","376":"Schornstein","377":"Pullover","378":"Geschenk","379":"Schneeball","380":"Snowboard","381":"Gürteltier","382":"Taube","383":"Wasserflugzeug","384":"Narwal","385":"Piranha","386":"Titanic","387":"Obsidian","388":"Mumie","389":"Geld","390":"Fliegende Fische","391":"Panzer","392":"Sonnensystem","393":"Papierflugzeug","394":"Banane","395":"Sandstein","396":"Papagei","397":"Trockeneis","398":"Taschenlampe","399":"Tau","400":"Trojanisches Pferd","401":"Katzenminze","402":"Skalpel","403":"Skateboard","404":"Wecker","405":"Wasserpistole","406":"Windkraftanlage","407":"Sparschwein","408":"Faultier","409":"Marshmallows","410":"Robbe","411":"Hubschrauber","412":"Tee","413":"Picknick","414":"Pfau","415":"Rose","416":"Blume","417":"Kolibri","418":"Chamäleon","419":"Fuchs","420":"Wildschwein","421":"Feuerwehrwagen","422":"Meduse","423":"Gleithörnchen","424":"Zaun","425":"Elektroauto","426":"Strauß","427":"Milchshake","428":"Karte","429":"Rasenmäher","430":"Mausefalle","431":"Baumwolle","432":"Faden","433":"Gewebe","434":"Bank","435":"Excalibur","436":"Fruchteis","437":"Specht","438":"Zauberstab","439":"Piratenschiff","440":"Sternbild","441":"Computermaus","442":"Nudeln","443":"Wurfstern","444":"Ninja","445":"Sattel","446":"Musiknoten","447":"Donut","448":"Angel","449":"Limonade","450":"Mayo","451":"Konfetti","452":"Hexe","453":"Skelett","454":"Spinne","455":"Netz","456":"Geist","457":"Gemüse","458":"Kürbis","459":"Glaskugel","460":"Kürbislaterne","461":"Biene","462":"Schmetterling","463":"Bienenstock","464":"Honig","465":"Wachs","466":"Kerze","467":"Wasserlilie","468":"Nilpferd","469":"Erdöl","470":"Pinocchio","471":"Verpackungspapier","472":"Minotaur","473":"Vase","474":"Weltraumstation","475":"Seife","476":"Springbrunnen","477":"Nadel","478":"Trommel","479":"flüssiger Teig","480":"Schneemobil","481":"Ratte","482":"Sphinx","483":"Marmelade","484":"Cheeseburger","485":"Rabe","486":"Elektroschockpistole","487":"Kanone","488":"Mixer","489":"Panzerweste","490":"Heugabel","491":"UFO","492":"Torte","493":"Grill","494":"Schwimmer","495":"Angler","496":"Bauernhof","497":"Ruine","498":"Steak","499":"Raumschiff","500":"Godzilla","501":"Hufeisen","502":"Soda","503":"Traktor","504":"Frosch","505":"Briefträger","506":"Bandage","507":"Holzhütte","508":"Bus","509":"Alpaka","510":"Seil","511":"Pfütze","512":"gegrillter Käse","513":"Pterodaktylus","514":"Schneekugel","515":"Flammenwerfer","516":"Wasserfall","517":"Ozon","518":"Ameise","519":"Farbe","520":"Schatzkarte","521":"Schatz","522":"Hammer","523":"Gebirge","524":"Familienbaum","525":"Wohnwagen","526":"Schimmel","527":"Bäckerei","528":"Eiswagen","529":"Gärtner","530":"Supernova","531":"Doge","532":"Der Eine Ring","533":"Keyboard Cat","534":"Ninja Turtles","535":"Lebkuchenmann","536":"Lebkuchenhaus","537":"Schutzbrille","538":"Heuballen","539":"Harfe","540":"Glückskeks","541":"Hühnerflügel","542":"Rezept","543":"Pommes","544":"Lineal","545":"Brühe","546":"Eistee","547":"Tyrannosaurus Rex","548":"See","549":"Entchen","550":"Tukan","551":"Glasfaserkabel","552":"Stethoskop","553":"Mac and Cheese","554":"Nessie","555":"Bananenbrot","556":"Drone","557":"Trockenfleisch","558":"Märchen","559":"Efeu","560":"Hamster","561":"Bergziege","562":"Karotte","563":"Penicillin","564":"Staubsauger","565":"Yeti","566":"Polarlicht","567":"Bonsai","568":"Feuerlöscher","569":"Gnom","570":"Granit","571":"Hecke","572":"Mikroskop","573":"Mars","574":"Roomba","575":"Smoothie","576":"Tardis","577":"the doctor","578":"Stahlwolle","579":"Buntstifte","580":"Tunnel","581":"Treibsand","582":"Fallschirm","583":"Schlittenhund","584":"Achterbahn","585":"Spitzer","586":"Nähmaschien","587":"Don Quijote","588":"Safe","589":"Zuckerstreusel","590":"Kette","591":"Rauchsignal","592":"Lasso","593":"Motte","594":"Kessel","595":"Zelt","596":"Parfüm","597":"Kaschmir","598":"Nuss","599":"Bauplan","600":"Kissen","601":"Röntgenbild","602":"Kraut","603":"Bibliothek","604":"Umhang","605":"Yak","606":"Fenster","607":"Geldbörse","608":"Kochbuch","609":"Fish and Chips","610":"Öllampe","611":"Seifenblase","612":"Essig","613":"Wasserrad","614":"Hase","615":"Krone","616":"Saturn","617":"Spaghetti"}
