{"1":{"parents":[[148,2]],"tags":["water"],"prime":true},"2":{"tags":["fire"],"prime":true},"3":{"tags":["earth"],"prime":true},"4":{"tags":["air"],"prime":true},"5":{"parents":[[1,2],[1,11]],"tags":["water"]},"6":{"parents":[[3,2]],"tags":["earth","fire"]},"7":{"parents":[[3,3],[4,4]]},"8":{"parents":[[6,3],[6,201],[2,201]],"tags":["earth","fire"]},"9":{"parents":[[1,1]],"tags":["water"]},"10":{"parents":[[1,9],[9,9]]},"11":{"parents":[[4,2],[24,108]]},"12":{"parents":[[1,3]],"tags":["earth"]},"13":{"parents":[[1,4],[15,1]],"tags":["water"]},"14":{"parents":[[3,4],[108,211],[126,211]],"tags":["earth"]},"15":{"parents":[[4,5]],"tags":["air","water"]},"16":{"parents":[[11,15],[15,114]],"tags":["weather"]},"17":{"parents":[[5,3]],"tags":["water"]},"18":{"parents":[[10,8],[8,9]]},"19":{"parents":[[3,11],[3,130]]},"20":{"parents":[[7,4],[4,11]],"tags":["air","weather"]},"21":{"parents":[[8,11]]},"22":{"parents":[[4,15]],"tags":["air"]},"23":{"parents":[[20,11]],"tags":["air","weather"]},"24":{"parents":[[13,3]],"tags":["plants"]},"25":{"parents":[[2,14]]},"26":{"parents":[[25,2]]},"27":{"parents":[[4,6]]},"28":{"parents":[[4,27],[20,27]],"tags":["earth","animal","fables"]},"29":{"parents":[[8,11]]},"30":{"parents":[[7,24],[108,146]]},"31":{"parents":[[7,30],[30,41]]},"32":{"parents":[[2,28],[28,114]]},"33":{"parents":[[28,32]]},"34":{"parents":[[1,32],[32,68]]},"35":{"parents":[[24,32],[606,606]]},"36":{"parents":[[2,27]]},"37":{"parents":[[4,36],[36,355],[40,355],[4,40]]},"38":{"parents":[[5,36]]},"39":{"parents":[[25,36]]},"40":{"parents":[[36,30]]},"41":{"parents":[[28,32]]},"42":{"parents":[[24,41]],"tags":["plants"]},"43":{"parents":[[12,24],[12,75]]},"44":{"parents":[[43,11],[59,41]]},"45":{"parents":[[1,44],[10,44],[9,44]]},"46":{"parents":[[44,22],[49,4],[49,22],[4,44]],"tags":["animals"]},"47":{"parents":[[2,46]],"tags":["animals","fables"]},"48":{"parents":[[3,44]],"tags":["human"]},"49":{"parents":[[44,27],[46,46],[67,67],[69,69]],"tags":["animals","food"]},"50":{"parents":[[28,12]],"tags":["earth"]},"51":{"parents":[[50,44]],"tags":["fables"]},"52":{"parents":[[2,50],[50,82],[50,53]]},"53":{"parents":[[36,48]]},"54":{"parents":[[38,53],[38,82]]},"55":{"parents":[[36,27]]},"56":{"parents":[[53,42]]},"57":{"parents":[[55,56]]},"58":{"parents":[[42,42]],"tags":["plants"]},"59":{"parents":[[48,48]]},"60":{"parents":[[57,48],[48,120]]},"61":{"parents":[[54,40],[54,36],[54,82],[54,206]]},"62":{"parents":[[54,1],[54,100]]},"63":{"parents":[[2,56]]},"64":{"parents":[[49,1],[68,68],[49,9],[49,10],[49,360]]},"65":{"parents":[[49,2]]},"66":{"parents":[[64,48]],"tags":["food"]},"67":{"parents":[[49,28]],"tags":["animals"]},"68":{"parents":[[64,41]],"tags":["animals","food","water"]},"69":{"parents":[[49,43]],"tags":["animals"]},"70":{"parents":[[3,53],[3,71]]},"71":{"parents":[[70,48],[48,24],[48,490]],"tags":["human"]},"72":{"parents":[[56,48],[48,172],[53,172],[247,247]]},"73":{"parents":[[71,44],[140,48],[71,140]],"tags":["animals"]},"74":{"parents":[[73,46],[49,73],[46,71]],"tags":["animals","food"]},"75":{"parents":[[24,3]],"tags":["plants"]},"76":{"parents":[[75,73]],"tags":["animals","food"]},"77":{"parents":[[71,76],[76,48]],"tags":["food"]},"78":{"parents":[[41,77]],"tags":["food"]},"79":{"parents":[[22,78],[22,27]]},"80":{"parents":[[24,2]],"tags":["plants"]},"81":{"parents":[[80,56]]},"82":{"parents":[[53,56]]},"83":{"parents":[[82,82]]},"84":{"parents":[[70,71],[24,71]],"tags":["plant","food"]},"85":{"parents":[[84,27],[151,84],[84,613]],"tags":["food"]},"86":{"parents":[[1,85]],"tags":["food"]},"87":{"parents":[[86,2]],"tags":["food"]},"88":{"parents":[[42,71],[108,42]],"tags":["food"]},"89":{"parents":[[86,88]],"tags":["food"]},"90":{"parents":[[76,53],[165,53],[55,73],[76,174],[165,174],[73,174]],"tags":["food"]},"91":{"parents":[[87,93],[78,87],[87,220]],"tags":["food"]},"92":{"parents":[[2,56]]},"93":{"parents":[[90,92]],"tags":["food"]},"94":{"parents":[[36,39]]},"95":{"parents":[[48,94],[48,244]]},"96":{"parents":[[95,44],[48,96],[48,96]],"tags":["fables"]},"97":{"parents":[[56,95]]},"98":{"parents":[[97,3],[95,3]]},"99":{"parents":[[98,98],[136,136]]},"100":{"parents":[[1,56]]},"101":{"parents":[[28,28],[28,102]],"tags":["earth"]},"102":{"parents":[[28,24],[101,24]],"tags":["plants"]},"103":{"parents":[[24,9],[24,10]],"tags":["plants"]},"104":{"parents":[[69,2]],"tags":["animals","fables"]},"105":{"parents":[[83,48]],"tags":["human"]},"106":{"parents":[[48,2],[48,421]],"tags":["human"]},"107":{"parents":[[9,28],[10,28],[1,28]],"tags":["earth","water"]},"108":{"parents":[[2,22]]},"109":{"parents":[[18,42],[42,107]],"tags":["plant"]},"110":{"parents":[[13,108],[13,122]],"tags":["water","weather"]},"111":{"parents":[[10,19],[9,19]],"tags":["water"]},"112":{"parents":[[48,55]]},"113":{"parents":[[100,20],[100,433]]},"114":{"parents":[[36,11],[128,108],[406,20],[122,128]]},"115":{"parents":[[114,32]]},"116":{"parents":[[115,42],[42,177]]},"117":{"parents":[[41,114],[41,82],[41,53]]},"118":{"parents":[[96,114],[114,95]],"tags":["fables"]},"119":{"parents":[[114,36]]},"120":{"parents":[[57,114]]},"121":{"parents":[[48,114],[48,119]]},"122":{"parents":[[115,114],[114,398]]},"123":{"parents":[[68,114]],"tags":["animals"]},"124":{"parents":[[24,108],[416,108]],"tags":["food","plant"]},"125":{"parents":[[124,7]],"tags":["food"]},"126":{"parents":[[108,41],[127,108],[41,127],[22,108]]},"127":{"parents":[[79,41],[41,126],[22,79]]},"128":{"parents":[[108,53]]},"129":{"parents":[[108,79]]},"130":{"parents":[[9,20],[10,20]]},"131":{"parents":[[9,79],[10,79]]},"132":{"parents":[[72,63],[63,172],[63,247]],"tags":["fire"]},"133":{"parents":[[117,108]]},"134":{"parents":[[110,110]],"tags":["weather"]},"135":{"parents":[[55,75],[55,84]]},"136":{"parents":[[98,27]]},"137":{"parents":[[126,127]]},"138":{"parents":[[56,20]]},"139":{"parents":[[1,81]]},"140":{"parents":[[58,44]],"tags":["animals"]},"141":{"parents":[[140,119]],"tags":["animals"]},"142":{"parents":[[48,13],[48,142],[48,142],[48,166]]},"143":{"parents":[[48,13]]},"144":{"parents":[[13,143],[5,143]],"tags":["weather"]},"145":{"parents":[[142,9],[142,10],[100,142],[62,142],[113,142]]},"146":{"parents":[[144,48],[379,379],[144,562],[379,562]]},"147":{"parents":[[91,2],[87,2]],"tags":["food"]},"148":{"parents":[[1,143]]},"149":{"parents":[[55,36],[55,40]]},"150":{"parents":[[148,140],[148,46],[46,144]],"tags":["animals"]},"151":{"parents":[[72,20],[82,20]]},"152":{"parents":[[13,92],[13,253]]},"153":{"parents":[[46,36],[46,40]]},"154":{"parents":[[1,24],[10,24],[9,24]]},"155":{"parents":[[48,14]]},"156":{"parents":[[69,43],[69,266]],"tags":["animals"]},"157":{"parents":[[149,48]],"tags":["human"]},"158":{"parents":[[48,46]]},"159":{"parents":[[144,101],[148,101]]},"160":{"parents":[[18,18]]},"161":{"parents":[[53,36],[53,40]]},"162":{"parents":[[48,79],[249,48],[48,474],[48,228]],"tags":["human"]},"163":{"parents":[[4,7],[22,7]]},"164":{"parents":[[11,26]]},"165":{"parents":[[73,12]],"tags":["animals"]},"166":{"parents":[[43,44]]},"167":{"parents":[[73,72],[76,72],[72,195]]},"168":{"parents":[[94,55],[94,149]]},"169":{"parents":[[140,56],[140,344]],"tags":["animals"]},"170":{"parents":[[46,72]]},"171":{"parents":[[144,20],[144,16],[144,144]],"tags":["weather"]},"172":{"parents":[[50,2],[12,2],[12,108],[50,108]]},"173":{"parents":[[127,46],[46,349]],"tags":["animals"]},"174":{"parents":[[48,90]],"tags":["human"]},"175":{"parents":[[82,36]]},"176":{"parents":[[42,2],[56,2]]},"177":{"parents":[[22,127],[127,236]]},"178":{"parents":[[48,161]],"tags":["human"]},"179":{"parents":[[117,46]],"tags":["animals"]},"180":{"parents":[[69,41]],"tags":["animals"]},"181":{"parents":[[140,48],[242,270]],"tags":["animals"]},"182":{"parents":[[1,46],[46,360],[46,548],[41,549]],"tags":["animals"]},"183":{"parents":[[28,20],[101,20],[107,20]]},"184":{"parents":[[48,53]],"tags":["human"]},"185":{"parents":[[32,36],[32,32]]},"186":{"parents":[[48,72]]},"187":{"parents":[[88,42]]},"188":{"parents":[[187,187],[70,187]]},"189":{"parents":[[26,22]]},"190":{"parents":[[13,13],[13,41]]},"191":{"parents":[[3,15]]},"192":{"parents":[[24,24],[24,75],[72,75],[416,416]]},"193":{"parents":[[26,36]]},"194":{"parents":[[13,148],[148,16],[148,15]],"tags":["weather"]},"195":{"parents":[[75,135],[71,75],[75,108]]},"196":{"parents":[[178,104]],"tags":["human"]},"197":{"parents":[[22,3],[9,22],[10,22]]},"198":{"parents":[[195,73]],"tags":["animals"]},"199":{"parents":[[72,142],[72,334],[72,207]]},"200":{"parents":[[77,143],[77,148]]},"201":{"parents":[[19,3]]},"202":{"parents":[[148,201]]},"203":{"parents":[[88,41],[256,41]]},"204":{"parents":[[48,185]],"tags":["human"]},"205":{"parents":[[82,56]]},"206":{"parents":[[205,198]]},"207":{"parents":[[48,199]],"tags":["human"]},"208":{"parents":[[56,7]]},"209":{"parents":[[208,208]]},"210":{"parents":[[9,108],[10,108],[2,9],[2,10]],"tags":["food"]},"211":{"parents":[[48,112],[48,211],[48,211]],"tags":["fables"]},"212":{"parents":[[108,185],[107,185]]},"213":{"parents":[[72,148],[72,144]]},"214":{"parents":[[28,16],[28,23],[28,11]]},"215":{"parents":[[101,1],[42,101],[101,109]]},"216":{"parents":[[36,44],[40,44],[44,161]]},"217":{"parents":[[68,103],[66,103]],"tags":["food"]},"218":{"parents":[[42,72]]},"219":{"parents":[[110,198],[110,44],[134,198],[134,44]],"tags":["fables"]},"220":{"parents":[[165,2]],"tags":["food"]},"221":{"parents":[[80,208]]},"222":{"parents":[[153,48],[383,48]],"tags":["human"]},"223":{"parents":[[198,9],[10,198],[68,198]],"tags":["animals"]},"224":{"parents":[[180,41],[180,3],[27,180]]},"225":{"parents":[[31,36],[31,351]]},"226":{"parents":[[46,198],[22,198],[46,219]],"tags":["fables"]},"227":{"parents":[[112,10],[9,112],[10,140],[9,140]],"tags":["animals"]},"228":{"parents":[[22,177],[108,177],[79,177]]},"229":{"parents":[[77,166]]},"230":{"parents":[[53,204],[114,204],[119,204]]},"231":{"parents":[[78,140]],"tags":["animals"]},"232":{"parents":[[48,87],[48,85],[48,86]],"tags":["human"]},"233":{"parents":[[56,30],[56,176]]},"234":{"parents":[[68,177],[9,177],[10,177]],"tags":["animals"]},"235":{"parents":[[88,203]]},"236":{"parents":[[32,22],[32,177],[32,228]]},"237":{"parents":[[78,86]],"tags":["food"]},"238":{"parents":[[140,77]],"tags":["animals"]},"239":{"parents":[[4,130]]},"240":{"parents":[[122,149],[11,149],[114,149]]},"241":{"parents":[[240,48],[178,240]]},"242":{"parents":[[140,181],[140,79],[181,58]],"tags":["animals"]},"243":{"parents":[[242,48],[243,48],[243,48]],"tags":["fables"]},"244":{"parents":[[48,135],[95,135]],"tags":["fables"]},"245":{"parents":[[48,100],[48,113]],"tags":["human","water"]},"246":{"parents":[[101,198],[101,140],[73,101]],"tags":["animals"]},"247":{"parents":[[172,172]]},"248":{"parents":[[3,228]]},"249":{"parents":[[153,228]]},"250":{"parents":[[68,149]],"tags":["animals"]},"251":{"parents":[[48,203],[254,48],[48,235]],"tags":["human"]},"252":{"parents":[[48,138],[48,239]]},"253":{"parents":[[92,191],[191,331]]},"254":{"parents":[[203,84]]},"255":{"parents":[[46,9],[46,10],[46,107]],"tags":["animals"]},"256":{"parents":[[1,88],[7,88]]},"257":{"parents":[[72,72]]},"258":{"parents":[[55,55]]},"259":{"parents":[[48,63]]},"260":{"parents":[[208,233]]},"261":{"parents":[[109,88]],"tags":["food"]},"262":{"parents":[[261,53],[77,261]],"tags":["food"]},"263":{"parents":[[88,11],[256,2],[256,11]],"tags":["food"]},"264":{"parents":[[231,46],[231,22]],"tags":["animals"]},"265":{"parents":[[231,42]],"tags":["animals"]},"266":{"parents":[[201,1],[13,201]]},"267":{"parents":[[86,263]],"tags":["candy"]},"268":{"parents":[[9,148],[10,148],[9,159],[10,159]],"tags":["water"]},"269":{"parents":[[46,95]]},"270":{"parents":[[95,41]]},"271":{"parents":[[263,110]],"tags":["candy"],"platforms":["pokki"]},"272":{"parents":[[263,114],[15,263]],"tags":["candy"],"platforms":["pokki"]},"273":{"parents":[[229,143],[148,229]],"platforms":["pokki"]},"274":{"parents":[[263,68]],"tags":["candy"],"platforms":["pokki"]},"275":{"parents":[[263,31]],"tags":["candy"],"platforms":["pokki"]},"276":{"parents":[[263,204]],"tags":["candy"],"platforms":["pokki"]},"277":{"parents":[[256,148]],"tags":["candy"],"platforms":["pokki"]},"278":{"parents":[[263,74]],"tags":["candy"],"platforms":["pokki"]},"279":{"parents":[[27,26]],"tags":["candy"],"platforms":["pokki"]},"280":{"parents":[[263,59]],"tags":["candy"],"platforms":["pokki"]},"281":{"parents":[[230,265]],"platforms":["pokki"]},"282":{"parents":[[72,178]]},"283":{"parents":[[198,48]],"tags":["fables"]},"284":{"parents":[[46,42],[46,195],[49,195]]},"285":{"parents":[[140,238]],"tags":["animals"]},"286":{"parents":[[181,72]]},"287":{"parents":[[72,22]]},"288":{"parents":[[25,119]]},"289":{"parents":[[73,201]],"tags":["animals"]},"290":{"parents":[[84,77]],"tags":["food"]},"291":{"parents":[[177,7]]},"293":{"parents":[[249,88]],"tags":["candy"],"platforms":["pokki"]},"294":{"parents":[[256,88]],"tags":["candy"],"platforms":["pokki"]},"295":{"parents":[[263,2]],"tags":["candy"]},"296":{"parents":[[68,78]],"platforms":["pokki"]},"297":{"parents":[[200,162]],"tags":["candy"],"hidden":true},"298":{"parents":[[77,228]],"tags":["candy"],"platforms":["pokki"]},"299":{"parents":[[254,200]],"platforms":["pokki"]},"300":{"parents":[[295,188]],"platforms":["pokki"]},"301":{"parents":[[122,72],[122,107],[122,10],[122,9]]},"302":{"parents":[[48,130]],"tags":["human","water"]},"303":{"parents":[[42,140]],"tags":["animal"]},"304":{"parents":[[48,115],[115,204]]},"305":{"parents":[[177,177]]},"306":{"parents":[[36,115]]},"307":{"parents":[[32,36]]},"308":{"parents":[[27,228]]},"309":{"parents":[[308,163],[22,308]]},"310":{"parents":[[169,182]],"tags":["animal"]},"311":{"parents":[[149,245],[245,439]],"tags":["human"]},"312":{"parents":[[6,306]]},"313":{"parents":[[90,87]]},"314":{"parents":[[260,230],[260,345]]},"315":{"parents":[[32,110]]},"316":{"parents":[[28,208]]},"317":{"parents":[[20,208],[22,208]]},"318":{"parents":[[46,208]]},"319":{"parents":[[241,2],[241,6]],"tags":["human","fables"]},"320":{"parents":[[27,53],[48,422]]},"321":{"parents":[[184,263]],"tags":["human","fables"],"platforms":["pokki"]},"322":{"parents":[[321,266]],"tags":["candy"],"platforms":["pokki"]},"323":{"parents":[[322,261]],"tags":["candy"],"platforms":["pokki"]},"324":{"parents":[[322,295]],"tags":["candy"],"platforms":["pokki"]},"325":{"parents":[[324,267]],"tags":["candy"],"platforms":["pokki"]},"326":{"parents":[[322,49]],"tags":["candy"],"platforms":["pokki"]},"327":{"parents":[[322,77]],"tags":["candy"],"platforms":["pokki"]},"328":{"parents":[[267,86]],"tags":["candy"],"platforms":["pokki"]},"329":{"parents":[[263,119]],"tags":["candy"],"platforms":["pokki"]},"330":{"parents":[[263,28]],"tags":["candy"],"platforms":["pokki"]},"331":{"parents":[[257,257],[287,287]]},"332":{"parents":[[201,46]],"tags":["air","animals"]},"333":{"parents":[[48,117]]},"334":{"parents":[[199,175],[207,175]]},"335":{"parents":[[76,9]],"tags":["animal","water"]},"336":{"parents":[[185,144]],"tags":["snow"]},"337":{"parents":[[185,1]],"tags":["water"]},"338":{"parents":[[48,216]]},"339":{"parents":[[48,68]],"tags":["fables","water"]},"340":{"parents":[[15,73]],"tags":["animals"]},"341":{"parents":[[44,228]],"tags":["fables"]},"342":{"parents":[[208,56],[208,259]]},"343":{"parents":[[264,48]],"tags":["human","fables"]},"344":{"parents":[[169,266],[169,42],[169,56],[247,266]]},"345":{"parents":[[230,230],[230,119],[230,455]]},"346":{"parents":[[83,11],[83,40]]},"347":{"parents":[[11,144]],"tags":["snow"]},"348":{"parents":[[76,55],[165,55]]},"349":{"parents":[[48,11]],"tags":["human","fables"]},"350":{"parents":[[289,48]],"tags":["fables"]},"351":{"parents":[[36,108],[36,110]]},"352":{"parents":[[24,27],[154,27]]},"353":{"parents":[[49,117],[49,333]]},"354":{"parents":[[77,7],[11,77]],"tags":["food"]},"355":{"parents":[[24,108],[24,363]]},"356":{"parents":[[101,98],[101,27]]},"357":{"parents":[[28,282]]},"358":{"parents":[[241,43]]},"359":{"parents":[[53,13],[13,433]]},"360":{"parents":[[1,192]]},"361":{"parents":[[340,53],[258,340]]},"362":{"parents":[[48,195]]},"363":{"parents":[[48,355],[24,127],[42,127]]},"364":{"parents":[[48,282],[435,48],[48,615]],"tags":["human"]},"365":{"parents":[[266,56],[266,36],[266,40]]},"366":{"parents":[[56,195]]},"367":{"parents":[[42,20]],"tags":["plants"]},"368":{"parents":[[36,143],[114,143],[36,148]]},"369":{"parents":[[208,230]]},"370":{"parents":[[140,183],[140,28]],"tags":["animals"]},"371":{"parents":[[48,116]],"tags":["human"]},"372":{"parents":[[371,140],[73,371]],"tags":["animals"]},"373":{"parents":[[144,205],[144,206]]},"374":{"parents":[[263,116]],"tags":["sweets"]},"375":{"parents":[[361,132]]},"376":{"parents":[[72,132],[92,172],[132,172]]},"377":{"parents":[[361,53],[48,361]]},"378":{"parents":[[371,116],[371,375],[371,267],[371,376],[371,132]]},"379":{"parents":[[144,48]],"tags":["snow","winter"]},"380":{"parents":[[56,144],[144,302]],"tags":["snow","sports","winter"]},"381":{"parents":[[140,161]],"tags":["animals"]},"382":{"parents":[[46,331],[46,260],[46,320]],"tags":["animals","air"]},"383":{"parents":[[153,1],[153,10],[153,9]],"tags":["air","water"]},"384":{"parents":[[219,10],[219,1],[9,219]],"tags":["animals","water"]},"385":{"parents":[[68,112]],"tags":["animals","water"]},"386":{"parents":[[62,268]],"tags":["water"]},"387":{"parents":[[6,1]]},"388":{"parents":[[95,356]]},"389":{"parents":[[208,351]]},"390":{"parents":[[68,46],[22,68]]},"391":{"parents":[[175,161],[175,94]]},"392":{"parents":[[108,248]]},"393":{"parents":[[153,208]]},"394":{"parents":[[88,303]]},"395":{"parents":[[27,28]]},"396":{"parents":[[46,311]]},"397":{"parents":[[363,143],[148,363]]},"398":{"parents":[[53,122]]},"399":{"parents":[[191,75],[1,75]]},"400":{"parents":[[198,56]]},"401":{"parents":[[238,24]]},"402":{"parents":[[55,207],[55,199]]},"403":{"parents":[[380,82]]},"404":{"parents":[[117,239]]},"405":{"parents":[[1,94]]},"406":{"parents":[[151,114]]},"407":{"parents":[[165,389],[52,165]]},"408":{"parents":[[140,41]]},"409":{"parents":[[263,63]]},"410":{"parents":[[181,9]]},"411":{"parents":[[55,153],[151,153]]},"412":{"parents":[[1,367]]},"413":{"parents":[[75,91],[107,91]]},"414":{"parents":[[46,110]]},"415":{"parents":[[24,59],[416,59]]},"416":{"parents":[[24,192]]},"417":{"parents":[[46,416]]},"418":{"parents":[[69,110]]},"419":{"parents":[[74,140]]},"420":{"parents":[[165,140],[165,58]]},"421":{"parents":[[106,175]]},"422":{"parents":[[48,141]]},"423":{"parents":[[265,46],[265,20],[265,153],[22,265]]},"424":{"parents":[[247,56]]},"425":{"parents":[[175,114]]},"426":{"parents":[[46,3],[46,28]]},"427":{"parents":[[77,200]]},"428":{"parents":[[208,3]]},"429":{"parents":[[75,53],[114,135]]},"430":{"parents":[[56,78],[36,78]]},"431":{"parents":[[24,15]]},"432":{"parents":[[431,53],[82,361]]},"433":{"parents":[[432,53]]},"434":{"parents":[[72,389],[72,351],[72,588]]},"435":{"parents":[[149,27]]},"436":{"parents":[[256,148],[256,143]]},"437":{"parents":[[46,56]]},"438":{"parents":[[349,56]]},"439":{"parents":[[113,311],[100,311]]},"440":{"parents":[[177,177]]},"441":{"parents":[[231,230]]},"442":{"parents":[[85,49]]},"443":{"parents":[[177,55]]},"444":{"parents":[[443,48]]},"445":{"parents":[[198,348]]},"446":{"parents":[[208,252]]},"447":{"parents":[[86,125]]},"448":{"parents":[[53,68],[56,68]]},"449":{"parents":[[88,1]]},"450":{"parents":[[49,125]]},"451":{"parents":[[208,55],[208,258]]},"452":{"parents":[[349,366],[48,366]]},"453":{"parents":[[95,41],[270,270]]},"454":{"parents":[[140,432]]},"455":{"parents":[[454,432]]},"456":{"parents":[[99,127],[282,127]]},"457":{"parents":[[70,88]]},"458":{"parents":[[457,2],[457,122]]},"459":{"parents":[[452,32],[349,32]]},"460":{"parents":[[458,2],[55,458],[458,466]]},"461":{"parents":[[416,140]]},"462":{"parents":[[416,140]]},"463":{"parents":[[461,72],[461,42]]},"464":{"parents":[[461,416],[461,463]]},"465":{"parents":[[461,463]]},"466":{"parents":[[465,432],[465,2]]},"467":{"parents":[[416,360]]},"468":{"parents":[[198,266],[198,1]]},"469":{"parents":[[224,41],[224,7]]},"470":{"parents":[[56,44]]},"471":{"parents":[[378,208]]},"472":{"parents":[[48,76]]},"473":{"parents":[[24,52],[52,416]]},"474":{"parents":[[228,72]]},"475":{"parents":[[125,29]]},"476":{"parents":[[320,1]]},"477":{"parents":[[36,432],[36,195]]},"478":{"parents":[[56,348]]},"479":{"parents":[[85,77]]},"480":{"parents":[[144,346],[144,175]]},"481":{"parents":[[140,439],[113,140]],"tags":["animals"]},"482":{"parents":[[48,285]],"tags":["fables"]},"483":{"parents":[[256,263]],"tags":["food"]},"484":{"parents":[[78,313]],"tags":["food"]},"485":{"parents":[[46,362],[46,70]],"tags":["animals"]},"486":{"parents":[[94,114]]},"487":{"parents":[[25,439],[25,282]]},"488":{"parents":[[32,55],[55,114]]},"489":{"parents":[[39,161]]},"490":{"parents":[[53,195]]},"491":{"parents":[[249,341],[153,341]]},"492":{"parents":[[86,466]],"tags":["food"]},"493":{"parents":[[63,90],[63,192]]},"494":{"parents":[[48,337]]},"495":{"parents":[[48,448]]},"496":{"parents":[[71,72],[71,167]]},"497":{"parents":[[41,282],[41,72]]},"498":{"parents":[[90,493],[2,76]],"tags":["food"]},"499":{"parents":[[153,162]]},"500":{"parents":[[180,331]],"tags":["fables"]},"501":{"parents":[[36,198]]},"502":{"parents":[[1,363],[256,363]]},"503":{"parents":[[71,175],[70,175]]},"504":{"parents":[[140,360]],"tags":["animals"]},"505":{"parents":[[48,260]]},"506":{"parents":[[112,433]]},"507":{"parents":[[56,72]]},"508":{"parents":[[175,175]]},"509":{"parents":[[201,340]],"tags":["animals"]},"510":{"parents":[[432,432]]},"511":{"parents":[[108,148],[108,146],[146,515]],"tags":["water"]},"512":{"parents":[[78,147]]},"513":{"parents":[[4,180],[46,180]],"tags":["animals"]},"514":{"parents":[[144,459],[32,144],[32,116],[32,146]]},"515":{"parents":[[2,94]],"tags":["fire"]},"516":{"parents":[[201,266]],"tags":["water"]},"517":{"parents":[[355,355],[114,355]],"tags":["air"]},"518":{"parents":[[75,140],[140,263]],"tags":["animals"]},"519":{"parents":[[1,110],[1,233]]},"520":{"parents":[[311,428]]},"521":{"parents":[[311,520]]},"522":{"parents":[[36,56]]},"523":{"parents":[[201,201]]},"524":{"parents":[[42,186]]},"525":{"parents":[[72,175]]},"526":{"parents":[[41,87]]},"527":{"parents":[[72,87],[72,232]]},"528":{"parents":[[175,200]]},"529":{"parents":[[48,192]]},"530":{"parents":[[26,177]]},"531":{"parents":[[181,345],[181,230]],"hidden":true},"532":{"parents":[[8,225]],"hidden":true},"533":{"parents":[[238,252]],"hidden":true},"534":{"parents":[[67,444]],"hidden":true},"535":{"parents":[[44,86]],"tags":["food"]},"536":{"parents":[[72,86],[72,535]],"tags":["food"]},"537":{"parents":[[53,185],[26,185],[184,185]]},"538":{"parents":[[195,195]]},"539":{"parents":[[158,252]]},"540":{"parents":[[208,267]]},"541":{"parents":[[74,270]]},"542":{"parents":[[85,208],[208,232]]},"543":{"parents":[[125,457]],"tags":["food"]},"544":{"parents":[[56,233]]},"545":{"parents":[[1,74]],"tags":["food"]},"546":{"parents":[[148,412],[143,412]],"tags":["food"]},"547":{"parents":[[90,180]],"tags":["animals"]},"548":{"parents":[[1,360],[266,344]],"tags":["water"]},"549":{"parents":[[49,182]],"tags":["animals"]},"550":{"parents":[[46,110]],"tags":["animals"]},"551":{"parents":[[119,122]]},"552":{"parents":[[53,207]]},"553":{"parents":[[78,442]],"tags":["food"]},"554":{"parents":[[259,548]],"tags":["fables"],"hidden":true},"555":{"parents":[[87,394]]},"556":{"parents":[[153,216]]},"557":{"parents":[[90,108],[90,210]]},"558":{"parents":[[259,364],[259,282],[178,259],[104,259]]},"559":{"parents":[[24,247]]},"560":{"parents":[[82,231]]},"561":{"parents":[[201,289],[289,523]]},"562":{"parents":[[146,457],[108,146]]},"563":{"parents":[[207,526]]},"564":{"parents":[[114,366]]},"565":{"parents":[[201,259],[259,523]],"hidden":true},"566":{"parents":[[108,159],[22,159],[159,163]]},"567":{"parents":[[42,52],[42,258]]},"568":{"parents":[[2,363],[7,363],[36,363]]},"569":{"parents":[[192,320]]},"570":{"parents":[[6,7]]},"571":{"parents":[[24,424],[367,424]]},"572":{"parents":[[32,166],[166,185]]},"573":{"parents":[[37,248]]},"574":{"parents":[[216,564]]},"575":{"parents":[[88,488]]},"576":{"parents":[[41,228]],"hidden":true},"577":{"parents":[[207,576]],"hidden":true},"578":{"parents":[[40,361],[119,361]]},"579":{"parents":[[110,233],[110,465]]},"580":{"parents":[[184,201]]},"581":{"parents":[[28,43]]},"582":{"parents":[[222,433],[222,359]]},"583":{"parents":[[144,181],[148,181]]},"584":{"parents":[[61,201],[201,205]]},"585":{"parents":[[55,233]]},"586":{"parents":[[114,477],[216,477]]},"587":{"parents":[[151,178]]},"588":{"parents":[[36,389],[36,351],[40,389],[40,351]]},"589":{"parents":[[263,451]]},"590":{"parents":[[36,510],[40,510]]},"591":{"parents":[[63,433],[92,433]]},"592":{"parents":[[76,510],[198,510]]},"593":{"parents":[[79,462],[127,462]]},"594":{"parents":[[36,452],[40,452],[132,452],[63,452]]},"595":{"parents":[[56,433],[72,433]]},"596":{"parents":[[1,415],[1,416],[5,415],[5,416],[203,415],[203,416]]},"597":{"parents":[[53,561],[432,561],[433,561],[258,561],[361,561]]},"598":{"parents":[[88,265],[42,265]]},"599":{"parents":[[184,208]]},"600":{"parents":[[431,433]]},"601":{"parents":[[122,270],[122,453]]},"602":{"parents":[[24,142],[142,367]]},"603":{"parents":[[72,342]]},"604":{"parents":[[196,433]]},"605":{"parents":[[76,201]]},"606":{"parents":[[32,72]]},"607":{"parents":[[348,389]]},"608":{"parents":[[542,542],[342,542]]},"609":{"parents":[[68,543]]},"610":{"parents":[[2,125],[32,125],[125,510],[52,125],[50,125]]},"611":{"parents":[[4,475],[1,475]]},"612":{"parents":[[41,235],[4,235],[235,355]]},"613":{"parents":[[1,82],[82,266]]},"614":{"parents":[[140,562]]},"615":{"parents":[[351,364],[36,364]]},"616":{"parents":[[225,248]]},"617":{"parents":[[432,442]]}}
