{
    "settings": {
        "resetProgressConfirm": "Czy na pewno chcesz zresetować postęp?!",
        "disconnectConfirm": "Czy na pewno chcesz odłączyć swoje konto Google+?"
    },
    "menu": {
        "welcome": "Start",
        "settings": "Ustawienia",
        "leaderboards": "Ranking",
        "achievements": "Osiągnięcia"
    },
    "elementInfo": {
        "itIsAsItIs": "Masz to od początku"
    },
    "languages": {
        "en": "English",
        "pl": "polski",
        "de": "Deutsch"
    },
    "login": {
        "login": "zaloguj",
        "logout": "wyloguj"
    },
    "share": {
        "screenshotTitle": "Zobacz co udało mi się zrobić w Little Alchemy!",
        "screenshotMessage": "http://littlealchemy.com",
        "leaderboardMessage": "Spróbujcie tej fajnej gry! http://littlealchemy.com",
        "in": "w",
        "elements": "elementy",
        "discovered": "Udało mi się odkryć",
        "screenshotWaiting": "Chwilka, twój screenshot jest przygotowywany...",
        "signYourself": "Podpisz swoją wiadomość",
        "share": "Podziel się!"
    },
    "achievements": {
        "50elements": {
            "title": "50 elementów",
            "description": "Znajdź 50 elementów.",
            "earned": "Masz 50 elementów. Dobra robota!"
        },
        "100elements": {
            "title": "100 elementów",
            "description": "Znajdź 100 elementów.",
            "earned": "100 elementów! Całkiem sporo."
        },
        "200elements": {
            "title": "200 elementów",
            "description": "Znajdź 200 elementów.",
            "earned": "200 elementów! Świetnie Ci idzie!"
        },
        "300elements": {
            "title": "To! Jest! Alchemia!",
            "description": "Czy to nawiązanie jest jeszcze choć trochę śmieszne?",
            "earned": "To o 296 więcej niż na początku."
        },
        "400elements": {
            "title": "Mogę przerwać jak tylko zechcę...",
            "description": "400 - to jest już trochę.",
            "earned": "400?! Już blisko."
        },
        "completionist": {
            "title": "Gotta Catch 'Em All",
            "description": "Znajdź wszystkie dostępne elementy.",
            "earned": "Zrobione! Twoja wytrwałość jest godna podziwu."
        },
        "hiddenelement": {
            "title": "Is This Just Fantasy?",
            "description": "Tajemnicza sprawa.",
            "earned": "Ukryty element!"
        }
    },
    "loadingMessage": {
        "combine": "Mieszaj elementy i sprawdź co z tego wyniknie!",
        "longpress": "Wciśnij i przytrzymaj element, żeby dowiedzieć się więcej na jego temat.",
        "signin": "Logowanie pozwoli ci na synchronizację postępu pomiędzy urządzeniami.",
        "newsletter": "<a href=\"http://littlealchemy.com/newsletter\" target=\"_blank\">Tap here to sign up for our newsletter and never miss an update again!</a>",
        "shareProgress": "Możesz tapnąć licznik postępu, żeby podzielić się ze znajomymi jak ci idzie.",
        "achievements": "W menu możesz sprawdzić osiągnięcia.",
        "leaderboards": "Po zalogowaniu możesz sprawdzić w menu ranking swoich znajomych.",
        "finalClear": "Jeśli masz wyciągnięte końcowe elementy, to kliknięcie w przycisk czyszczenia schowa je, zostawiając wszystkie inne elementy nietknięte.",
        "clone": "Tapnij dwa razy i przeciągnij element, aby go zduplikować.",
        "mixItself": "Ale... wiesz, że możesz zmieszać element sam ze sobą?",
        "hideFinal": "W ustawieniach możesz schować końcowe elementy z biblioteki.",
        "hydrated": "Zaraz... czy na pewno wyłączyłem żelazko!?",
        "salad": "Ciastka...",
        "cookies": "Wypasam stado kóz...",
        "randomMessage": "Generuję losowe wiadomości ekranu ładowania...",
        "smile": "¯\\_(ツ)_/¯",
        "breaks": "Pamiętaj, żeby od czasu do czasu zrobić przerwę.",
        "overcomplicating": "Niepotrzebnie komplikuję bibliotekę...",
        "science": "Ku chwale nauki! \\o/"
    }
}