{"1":"woda","2":"ogień","3":"ziemia","4":"powietrze","5":"para","6":"lawa","7":"ciśnienie ","8":"wulkan","9":"morze","10":"ocean","11":"energia","12":"błoto","13":"deszcz","14":"pył","15":"chmura","16":"burza","17":"gejzer","18":"wyspa","19":"trzęsienie ziemi","20":"wiatr","21":"erupcja","22":"niebo","23":"huragan","24":"roślina","25":"proch strzelniczy","26":"eksplozja","27":"kamień","28":"piasek","29":"popiół","30":"węgiel","31":"diament","32":"szkło","33":"klepsydra","34":"akwarium","35":"szklarnia","36":"metal","37":"rdza","38":"boiler","39":"nabój","40":"stal","41":"czas","42":"drzewo","43":"bagno","44":"życie","45":"plankton","46":"ptak","47":"feniks","48":"człowiek","49":"jajko","50":"glina","51":"golem","52":"ceramika","53":"narzędzie","54":"silnik parowy","55":"ostrze","56":"drewno","57":"siekiera","58":"las","59":"miłość","60":"drwal","61":"pociąg","62":"parowiec","63":"ognisko","64":"ikra","65":"omlet","66":"kawior","67":"żółw","68":"ryba","69":"jaszczurka","70":"pole","71":"farmer","72":"dom","73":"trzoda","74":"kurczak","75":"trawa","76":"krowa","77":"mleko","78":"ser","79":"księżyc","80":"tytoń","81":"fajka","82":"koło","83":"rower","84":"zboże","85":"mąka","86":"surowe ciasto","87":"chleb","88":"owoc","89":"ciasto","90":"mięso","91":"kanapka","92":"dym","93":"szynka","94":"pistolet","95":"zwłoki","96":"zombie","97":"trumna","98":"grób","99":"cmentarz","100":"łódka","101":"pustynia","102":"kaktus","103":"wodorosty","104":"smok","105":"rowerzysta","106":"strażak","107":"plaża","108":"słońce","109":"palma","110":"tęcza","111":"tsunami","112":"krew","113":"żaglowiec","114":"prąd","115":"żarówka","116":"choinka","117":"zegar","118":"frankenstein","119":"kabel","120":"piła łańcuchowa","121":"elektryk","122":"światło","123":"węgorz elektryczny","124":"słonecznik","125":"olej","126":"dzień","127":"noc","128":"ogniwo słoneczne","129":"zaćmienie","130":"fala","131":"pływ","132":"kominek","133":"zegar słoneczny","134":"podwójna tęcza","135":"kosa","136":"nagrobek","137":"zmierzch","138":"flet","139":"fajka wodna","140":"dzikie zwierze","141":"wąż","142":"choroba","143":"zimno","144":"śnieg","145":"choroba morska","146":"bałwan","147":"tost","148":"lód","149":"miecz","150":"pingwin","151":"młyn","152":"kwaśny deszcz","153":"samolot","154":"glony","155":"alergia","156":"aligator","157":"wojownik","158":"anioł","159":"antarktyda","160":"archipelag","161":"zbroja","162":"astronauta","163":"atmosfera","164":"bomba atomowa","165":"świnia","166":"bakteria","167":"stodoła","168":"bagnet","169":"bóbr","170":"domek dla ptaków","171":"zamieć","172":"cegła","173":"sowa","174":"rzeźnik","175":"samochód","176":"węgiel drzewny","177":"gwiazda","178":"rycerz","179":"kukułka","180":"dinozaur","181":"pies","182":"kaczka","183":"wydma","184":"inżynier","185":"okulary","186":"rodzina","187":"drzewo owocowe","188":"sad","189":"fajerwerki","190":"powódź","191":"mgła","192":"ogród","193":"granat","194":"grad","195":"siano","196":"bohater","197":"horyzont","198":"koń","199":"szpital","200":"lody","201":"góra","202":"lodowiec","203":"alkohol","204":"nerd","205":"wózek","206":"wóz","207":"doktor","208":"papier","209":"gazeta","210":"sól","211":"wampir","212":"okulary przeciwsłoneczne","213":"igloo","214":"burza piaskowa","215":"oaza","216":"robot","217":"sushi","218":"domek na drzewie","219":"jednorożec","220":"bekon","221":"papieros","222":"pilot","223":"konik morski","224":"skamielina","225":"pierścień","226":"pegaz","227":"rekin","228":"kosmos","229":"jogurt","230":"komputer","231":"mysz","232":"piekarz","233":"ołówek","234":"rozgwiazda","235":"wino","236":"teleskop","237":"pizza","238":"kot","239":"dźwięk","240":"miecz świetlny","241":"jedi","242":"wilk","243":"wilkołak","244":"kostucha","245":"żeglarz","246":"wielbłąd","247":"ściana","248":"planeta","249":"rakieta","250":"miecznik","251":"pijak","252":"muzyka","253":"smog","254":"piwo","255":"mewa","256":"sok","257":"wioska","258":"nożyczki","259":"opowieść","260":"list","261":"kokos","262":"mleko kokosowe","263":"cukier","264":"nietoperz","265":"wiewiórka","266":"rzeka","267":"ciastko","268":"góra lodowa","269":"sęp","270":"kość","271":"skittles","272":"wata cukrowa","273":"mrożony jogurt","274":"swedish fish","275":"ring pop","276":"nerds","277":"popsicle","278":"peeps","279":"pop rocks","280":"sweethearts","281":"pokki","282":"zamek","283":"centaur","284":"gniazdo","285":"lew","286":"buda","287":"wieżowiec","288":"dynamit","289":"koza","290":"płatki śniadaniowe","291":"czarna dziura","293":"starburst","294":"juicy fruit","295":"karmel","296":"goldfish","297":"astronaut ice cream","298":"milky way","299":"guiness float","300":"caramel apple","301":"latarnia morska","302":"surfer","303":"małpa","304":"idea","305":"galaktyka","306":"lampa","307":"lustro","308":"meteoroid","309":"meteor","310":"dziobak","311":"pirat","312":"lampa z lawą","313":"hamburger","314":"email","315":"pryzmat","316":"papier ścierny","317":"latawiec","318":"origami","319":"darth vader","320":"posąg","321":"willy wonka","322":"czekolada","323":"mounds","324":"caramelo","325":"twix","326":"cadbury eggs","327":"mleko czekoladowe","328":"masa na ciastka","329":"red vines","330":"fun dip","331":"miasto","332":"orzeł","333":"zegarek","334":"ambulans","335":"krowa morska","336":"gogle","337":"okulary do pływania","338":"cyborg","339":"syrena","340":"owca","341":"obcy","342":"książka","343":"batman","344":"tama","345":"internet","346":"motocykl","347":"lawina","348":"skóra","349":"czarownik","350":"faun","351":"złoto","352":"mech","353":"minutnik","354":"masło","355":"tlen","356":"piramida","357":"zamek z piasku","358":"yoda","359":"parasol","360":"staw","361":"wełna","362":"strach na wróble","363":"dwutlenek węgla","364":"król","365":"most","366":"miotła","367":"liść","368":"lodówka","369":"drukarka","370":"skorpion","371":"święty mikołaj","372":"renifer","373":"sanie","374":"candy cane","375":"świąteczna skarpeta","376":"komin","377":"sweter","378":"prezent","379":"śnieżka","380":"snowboard","381":"pancernik","382":"gołąb","383":"hydroplan","384":"narwal","385":"pirania","386":"titanic","387":"obsydian","388":"mumia","389":"pieniądze","390":"latająca ryba","391":"czołg","392":"układ słoneczny","393":"papierowy samolot","394":"banan","395":"piaskowiec","396":"papuga","397":"suchy lód","398":"latarka","399":"rosa","400":"koń trojański","401":"kocimiętka","402":"skalpel","403":"deskorolka","404":"budzik","405":"pistolet na wodę","406":"turbina wiatrowa","407":"skarbonka","408":"leniwiec","409":"marshmallows","410":"foka","411":"helikopter","412":"herbata","413":"piknik","414":"paw","415":"róża","416":"kwiat","417":"koliber","418":"kameleon","419":"lis","420":"dzik","421":"wóz strażacki","422":"meduza","423":"latająca wiewiórka","424":"płot","425":"samochód elektryczny","426":"struś","427":"shake mleczny","428":"mapa","429":"kosiarka","430":"pułapka na myszy","431":"bawełna","432":"nić","433":"płótno","434":"bank","435":"excalibur","436":"lód owocowy","437":"dzięcioł","438":"różdżka","439":"statek piracki","440":"konstelacja","441":"myszka komputerowa","442":"makaron","443":"shuriken","444":"ninja","445":"siodło","446":"nuty","447":"pączek","448":"wędka","449":"lemoniada","450":"majonez","451":"konfetti","452":"czarownica","453":"szkielet","454":"pająk","455":"sieć","456":"duch","457":"warzywo","458":"dynia","459":"kryształowa kula","460":"lampion z dyni","461":"pszczoła","462":"motyl","463":"ul","464":"miód","465":"wosk","466":"świeca","467":"lilia wodna","468":"hipopotam","469":"paliwo","470":"pinokio","471":"papier do pakowania","472":"minotaur","473":"wazon","474":"stacja kosmiczna","475":"mydło","476":"fontanna","477":"igła","478":"bęben","479":"rzadkie ciasto","480":"skuter śnieżny","481":"szczur","482":"sfinks","483":"dżem","484":"cheeseburger","485":"kruk","486":"paralizator","487":"armata","488":"blender","489":"kamizelka kuloodporna","490":"widły","491":"ufo","492":"tort","493":"grill","494":"pływak","495":"wędkarz","496":"farma","497":"ruiny","498":"stek","499":"statek kosmiczny","500":"godzilla","501":"podkowa","502":"napój gazowany","503":"traktor","504":"żaba","505":"listonosz","506":"bandaż","507":"drewniana chatka","508":"autobus","509":"alpaka","510":"lina","511":"sadzawka","512":"grilowany ser","513":"pterodaktyl","514":"kula śniegowa","515":"miotacz ognia","516":"wodospad","517":"ozon","518":"mrówka","519":"farba","520":"mapa skarbów","521":"skarb","522":"młotek","523":"pasmo górskie","524":"drzewo genealogiczne","525":"kamper","526":"pleśń","527":"piekarnia","528":"samochód z lodami","529":"ogrodnik","530":"supernowa","531":"pieseł","532":"jeden pierścień","533":"keyboard cat","534":"żółw ninja","535":"piernikowy ludzik","536":"dom z piernika","537":"okulary ochronne","538":"bela siana","539":"harfa","540":"ciastko z wróżbą","541":"skrzydełko kurczaka","542":"przepis","543":"frytki","544":"linijka","545":"rosół","546":"mrożona herbata","547":"tyrannosaurus rex","548":"jezioro","549":"kaczuszka","550":"tukan","551":"światłowód","552":"stetoskop","553":"makaron z serem","554":"nessie","555":"chleb bananowy","556":"dron","557":"suszone mięso","558":"baśń","559":"bluszcz","560":"chomik","561":"kozioł śnieżny","562":"marchewka","563":"penicylina","564":"odkurzacz","565":"yeti","566":"zorza polarna","567":"drzewko bonsai","568":"gaśnica","569":"krasnal","570":"garnit","571":"żywopłot","572":"mikroskop","573":"mars","574":"roomba","575":"smoothie","576":"tardis","577":"doktor","578":"wełna stalowa","579":"kredka świecowa","580":"tunel","581":"ruchome piaski","582":"spadochron","583":"husky","584":"kolejka górska","585":"temperówka","586":"maszyna do szycia","587":"don kichot","588":"sejf","589":"posypka","590":"łańcuch","591":"sygnał dymny","592":"lasso","593":"ćma","594":"kocioł","595":"namiot","596":"perfumy","597":"kaszmir","598":"orzech","599":"plan","600":"poduszka","601":"rentgen","602":"zioła","603":"biblioteka","604":"peleryna","605":"jak","606":"okno","607":"portfel","608":"książka kucharska","609":"ryba z frytkami","610":"lampa naftowa","611":"bańka mydlana","612":"ocet","613":"młyn wodny","614":"królik","615":"korona","616":"saturn","617":"spaghetti"}
