{"1":"agua","2":"fuego","3":"tierra","4":"aire","5":"vapor","6":"lava","7":"presión","8":"volcán","9":"mar","10":"océano","11":"energía","12":"barro","13":"lluvia","14":"polvo","15":"nube","16":"tormenta","17":"géiser","18":"isla","19":"terremoto","20":"viento","21":"erupción","22":"cielo","23":"huracán","24":"planta","25":"pólvora","26":"explosión","27":"piedra","28":"arena","29":"ceniza","30":"carbón","31":"diamante","32":"vidrio","33":"reloj de arena","34":"acuario","35":"invernadero","36":"metal","37":"herrumbre","38":"caldera","39":"bala","40":"acero","41":"tiempo","42":"árbol","43":"pantano","44":"vida","45":"plancton","46":"pájaro","47":"fénix","48":"humano","49":"huevo","50":"arcilla","51":"golem","52":"cerámica","53":"herramienta","54":"máquina de vapor","55":"hoja","56":"madera","57":"hacha","58":"bosque","59":"amor","60":"leñador","61":"tren","62":"buque de vapor","63":"hoguera","64":"huevas","65":"tortilla","66":"caviar","67":"tortuga","68":"pescado","69":"lagarto","70":"campo","71":"agricultor","72":"casa","73":"ganadería","74":"pollo","75":"hierba","76":"vaca","77":"leche","78":"queso","79":"luna","80":"tabaco","81":"pipa","82":"rueda","83":"bicicleta","84":"trigo","85":"harina","86":"masa","87":"pan","88":"fruta","89":"pastel","90":"carne","91":"sándwich","92":"ahumado","93":"jamón","94":"pistola","95":"cadáver","96":"zombi","97":"ataúd","98":"tumba","99":"cementerio","100":"barco","101":"desierto","102":"cactus","103":"alga","104":"dragón","105":"ciclista","106":"bombero","107":"playa","108":"sol","109":"palma","110":"arco iris","111":"tsunami","112":"sangre","113":"velero","114":"electricidad","115":"bombilla","116":"árbol de Navidad","117":"reloj","118":"frankenstein","119":"alambre","120":"motosierra","121":"electricista","122":"luz","123":"anguila eléctrica","124":"girasol","125":"aceite","126":"día","127":"noche","128":"celda solar","129":"eclipse","130":"ola","131":"marea","132":"chimenea","133":"reloj de sol","134":"doble arco iris","135":"guadaña","136":"lápida","137":"crepúsculo","138":"flauta","139":"caño de agua","140":"animal salvaje","141":"serpiente","142":"enfermedad","143":"frío","144":"nieve","145":"mareo","146":"muñeco de nieve","147":"tostada","148":"hielo","149":"espada","150":"pingüino","151":"molino de viento","152":"lluvia ácida","153":"avión","154":"algas","155":"alergia","156":"caimán","157":"guerrero","158":"ángel","159":"antártida","160":"archipiélago","161":"armadura","162":"astronauta","163":"atmósfera","164":"bomba atómica","165":"cerdo","166":"bacteria","167":"granero","168":"bayoneta","169":"castor","170":"pajarera","171":"ventisca","172":"ladrillo","173":"búho","174":"carnicero","175":"coche","176":"carbón","177":"estrella","178":"caballero","179":"cuco","180":"dinosaurio","181":"perro","182":"pato","183":"duna","184":"ingeniero","185":"gafas","186":"familia","187":"árbol frutal","188":"huerta","189":"fuegos artificiales","190":"inundación","191":"niebla","192":"jardín","193":"granada","194":"granizo","195":"heno","196":"héroe","197":"horizonte","198":"caballo","199":"hospital","200":"helado","201":"montaña","202":"glaciar","203":"alcohol","204":"nerd","205":"carretilla","206":"carromato","207":"médico","208":"papel","209":"periódico","210":"sal","211":"vampiro","212":"gafas de sol","213":"iglú","214":"tempestad de arena","215":"oasis","216":"robot","217":"sushi","218":"casa del árbol","219":"unicornio","220":"tocino","221":"cigarrillo","222":"piloto","223":"caballito de mar","224":"fósil","225":"anillo","226":"pegaso","227":"tiburón","228":"espacio","229":"yogur","230":"computadora","231":"ratón","232":"panadero","233":"lápiz","234":"estrella de mar","235":"vino","236":"telescopio","237":"pizza","238":"gato","239":"sonido","240":"sable de luz","241":"jedi","242":"lobo","243":"hombre-lobo","244":"parca","245":"marinero","246":"camello","247":"pared","248":"planeta","249":"cohete","250":"pez espada","251":"borracho","252":"música","253":"smog","254":"cerveza","255":"gaviota","256":"jugo","257":"pueblo","258":"tijeras","259":"historia","260":"carta","261":"coco","262":"leche de coco","263":"azúcar","264":"murciélago","265":"ardilla","266":"río","267":"galleta","268":"iceberg","269":"buitre","270":"hueso","271":"skittles","272":"algodón azucarado","273":"yogur helado","274":"swedish fish","275":"ring pop","276":"nerds","277":"paleta","278":"peeps","279":"pop rocks","280":"sweethearts","281":"pokki","282":"castillo","283":"centauro","284":"nido","285":"león","286":"perrera","287":"rascacielos","288":"dinamita","289":"cabra","290":"cereal","291":"agujero negro","293":"starburst","294":"juicy fruit","295":"caramelo","296":"goldfish","297":"astronaut ice cream","298":"milky way","299":"guiness float","300":"caramel apple","301":"faro","302":"surfista","303":"mono","304":"idea","305":"galaxia","306":"lámpara","307":"espejo","308":"meteoroide","309":"meteoro","310":"ornitorrinco","311":"pirata","312":"lámpara de lava","313":"hamburguesa","314":"correo electrónico","315":"prisma","316":"papel de lija","317":"cometa","318":"origami","319":"darth vader","320":"estatua","321":"willy wonka","322":"chocolate","323":"mounds","324":"caramelo","325":"twix","326":"cadbury eggs","327":"leche con chocolate","328":"masa para galletas","329":"red vines","330":"fun dip","331":"ciudad","332":"águila","333":"reloj de pulsera","334":"ambulancia","335":"manatí","336":"gafas de esquí","337":"gafas de natación","338":"cyborg","339":"sirena","340":"oveja","341":"alien","342":"libro","343":"batman","344":"presa","345":"internet","346":"motocicleta","347":"avalancha","348":"cuero","349":"mago","350":"fauno","351":"oro","352":"musgo","353":"reloj de arena","354":"mantequilla","355":"oxígeno","356":"pirámide","357":"castillo de arena","358":"yoda","359":"paraguas","360":"estanque","361":"lana","362":"espantapájaros","363":"dióxido de carbono","364":"monarca","365":"puente","366":"escoba","367":"hoja","368":"nevera","369":"impresora","370":"escorpión","371":"santa","372":"reno","373":"trineo","374":"bastón de caramelo","375":"media de la Navidad","376":"chimenea","377":"suéter","378":"regalo","379":"bola de nieve","380":"tabla de snowboard","381":"armadillo","382":"paloma","383":"hidroavión","384":"narval","385":"piraña","386":"titánico","387":"obsidiana","388":"momia","389":"dinero","390":"pez volador","391":"tanque","392":"sistema solar","393":"avión de papel","394":"banano","395":"arenisca","396":"loro","397":"hielo seco","398":"linterna eléctrica","399":"rocío","400":"caballo de troya","401":"hierba de los gatos","402":"bisturí","403":"monopatín","404":"despertador","405":"pistola de agua","406":"turbina eólica","407":"alcancía","408":"pereza","409":"malvaviscos","410":"sello","411":"helicóptero","412":"té","413":"picnic","414":"pavo real","415":"rosa","416":"flor","417":"colibrí","418":"camaleón","419":"zorro","420":"jabalí","421":"camión de bomberos","422":"medusa","423":"ardilla voladora","424":"valla","425":"coche eléctrico","426":"avestruz","427":"batido de leche","428":"mapa","429":"cortacésped","430":"ratonera","431":"algodón","432":"hilo","433":"tela","434":"banco","435":"excalibur","436":"paleta","437":"pájaro carpintero","438":"varita mágica","439":"barco pirata","440":"constelación","441":"ratón de la computadora","442":"pasta","443":"shuriken","444":"ninja","445":"silla de montar","446":"partitura","447":"rosquilla","448":"caña de pescar","449":"limonada","450":"mayonesa","451":"confeti","452":"bruja","453":"esqueleto","454":"araña","455":"web","456":"fantasma","457":"vegetal","458":"calabaza","459":"bola de cristal","460":"jack-o'-lantern","461":"abeja","462":"mariposa","463":"colmena","464":"miel","465":"cera","466":"vela","467":"nenúfar","468":"hipopótamo","469":"petróleo","470":"pinocho","471":"papel de regalo","472":"minotauro","473":"jarrón","474":"estación espacial","475":"jabón","476":"fuente","477":"aguja","478":"tambor","479":"bateador","480":"motonieve","481":"rata","482":"esfinge","483":"mermelada","484":"hamburguesa con queso","485":"cuervo","486":"taser","487":"cañón","488":"licuadora","489":"chaleco a prueba de balas","490":"horca","491":"ovni","492":"pastel","493":"barbacoa","494":"nadador","495":"pescador de caña","496":"granja","497":"ruinas","498":"filete","499":"astronave","500":"godzilla","501":"herradura","502":"soda","503":"tractor","504":"sapo","505":"cartero","506":"vendaje","507":"cabaña de troncos","508":"autobús","509":"alpaca","510":"cuerda","511":"charco","512":"queso a la parrilla","513":"pterodáctilo","514":"globo de la nieve","515":"lanzallamas","516":"cascada","517":"ozono","518":"hormiga","519":"pintura","520":"mapa del tesoro","521":"tesoro","522":"martillo","523":"cordillera","524":"árbol genealógico","525":"casa rodante","526":"molde","527":"panadería","528":"camión de helados","529":"jardinero","530":"super nova","531":"doge","532":"el único anillo","533":"gato del teclado","534":"tortuga ninja","535":"hombre de pan de jengibre","536":"casa de pan de jengibre","537":"gafas de seguridad","538":"paca de heno","539":"armónica","540":"galleta de la fortuna","541":"alitas de pollo","542":"receta","543":"papas fritas","544":"regla","545":"caldo de pollo","546":"té helado","547":"tiranosaurio rex","548":"lago","549":"patito","550":"tucán","551":"fibra óptica","552":"estetoscopio","553":"macarrones con queso","554":"nessie","555":"pan de plátano","556":"zángano","557":"espasmódico","558":"cuento de hadas","559":"hiedra","560":"hámster","561":"cabra montesa","562":"zanahoria","563":"penicilina","564":"aspiradora","565":"yeti","566":"Aurora","567":"bonsai","568":"extintor de incendios","569":"gnomo","570":"granito","571":"cobertura","572":"microscopio","573":"marte","574":"roomba","575":"batido de fruta","576":"tardis","577":"el médico","578":"estropajo de acero","579":"lápiz de color","580":"túnel","581":"arena movediza","582":"paracaídas","583":"husky","584":"montaña rusa","585":"sacapuntas","586":"máquina de coser","587":"Don Quijote","588":"caja fuerte","589":"fideos de chocolate","590":"cadena","591":"senal de humo","592":"lazo","593":"polilla","594":"caldero","595":"tienda","596":"perfume","597":"cachemira","598":"fruto seco","599":"plano","600":"cojín","601":"radiografía","602":"especia","603":"biblioteca","604":"capa","605":"yak","606":"ventana","607":"cartera","608":"libro de recetas","609":"fish and chips","610":"lámpara de aceite","611":"pompa de jabón","612":"vinagre","613":"molino de agua","614":"conejo","615":"corona","616":"saturno","617":"espagueti"}
