{"1":"água","2":"fogo","3":"terra","4":"ar","5":"vapor","6":"lava","7":"pressão","8":"vulcão","9":"mar","10":"oceano","11":"energia","12":"lama","13":"chuva","14":"poeira","15":"nuvem","16":"tempestade","17":"géiser","18":"ilha","19":"terremoto","20":"vento","21":"erupção","22":"céu","23":"furacão","24":"planta","25":"pólvora","26":"explosão","27":"rocha","28":"areia","29":"cinza","30":"carvão mineral","31":"diamante","32":"vidro","33":"ampulheta","34":"aquário","35":"estufa","36":"metal","37":"ferrugem","38":"caldeira","39":"bala","40":"aço","41":"tempo","42":"árvore","43":"pântano","44":"vida","45":"plâncton","46":"pássaro","47":"fênix","48":"humano","49":"ovo","50":"argila","51":"golem","52":"cerâmica","53":"ferramenta","54":"locomotiva a vapor","55":"lâmina","56":"madeira","57":"machado","58":"floresta","59":"amor","60":"lenhador","61":"trem","62":"barco a vapor","63":"fogueira","64":"ova","65":"omelete","66":"caviar","67":"tartaruga","68":"peixe","69":"lagarto","70":"campo","71":"fazendeiro","72":"casa","73":"gado","74":"galinha","75":"grama","76":"vaca","77":"leite","78":"queijo","79":"lua","80":"tabaco","81":"cachimbo","82":"roda","83":"bicicleta","84":"trigo","85":"farinha","86":"massa","87":"pão","88":"fruta","89":"torta","90":"carne","91":"sanduíche","92":"fumaça","93":"presunto","94":"arma","95":"cadáver","96":"zumbi","97":"caixão","98":"túmulo","99":"cemitério","100":"barco","101":"deserto","102":"cacto","103":"alga","104":"dragão","105":"ciclista","106":"bombeiro","107":"praia","108":"sol","109":"palmeira","110":"arco-íris","111":"tsunami","112":"sangue","113":"veleiro","114":"eletricidade","115":"lâmpada","116":"árvore de natal","117":"relógio","118":"frankenstein","119":"fio","120":"motossera","121":"eletricista","122":"luz","123":"enguia elétrica","124":"girassol","125":"óleo","126":"dia","127":"noite","128":"painel solar","129":"eclipse","130":"onda","131":"maré","132":"lareira","133":"relógio solar","134":"duplo arco-íris!","135":"foice","136":"lápide","137":"crepúsculo","138":"flauta","139":"cano de água","140":"animal selvagem","141":"cobra","142":"doença","143":"frio","144":"neve","145":"enjoo do mar","146":"boneco de neve","147":"torrada","148":"gelo","149":"espada","150":"pinguim","151":"moinho de vento","152":"chuva ácida","153":"avião","154":"algas","155":"alergia","156":"jacaré","157":"guerreiro","158":"anjo","159":"antártica","160":"arquipélago","161":"armadura","162":"astronauta","163":"atmosfera","164":"bomba atômica","165":"porco","166":"bactéria","167":"celeiro","168":"baioneta","169":"castor","170":"casa de passarinho","171":"nevasca","172":"tijolo","173":"coruja","174":"açougueiro","175":"carro","176":"carvão vegetal","177":"estrela","178":"cavaleiro","179":"cuco","180":"dinossauro","181":"cachorro","182":"pato","183":"duna","184":"engenheiro","185":"óculos","186":"família","187":"árvore frutífera","188":"pomar","189":"fogos de artifício","190":"enchente","191":"nevoeiro","192":"jardim","193":"granada","194":"granizo","195":"feno","196":"herói","197":"horizonte","198":"cavalo","199":"hospital","200":"sorvete","201":"montanha","202":"geleira","203":"álcool","204":"nerd","205":"carrinho","206":"vagão","207":"médico","208":"papel","209":"jornal","210":"sal","211":"vampiro","212":"óculos de sol","213":"iglu","214":"tempestade de areia","215":"oásis","216":"robô","217":"sushi","218":"casa na árvore","219":"unicórnio","220":"bacon","221":"cigarro","222":"piloto","223":"cavalo-marinho","224":"fóssil","225":"anel","226":"pégaso","227":"tubarão","228":"espaço","229":"iogurte","230":"computador","231":"rato","232":"padeiro","233":"lápis","234":"estrela do mar","235":"vinho","236":"telescópio","237":"pizza","238":"gato","239":"som","240":"sabre de luz","241":"jedi","242":"lobo","243":"lobisomem","244":"ceifador","245":"marinheiro","246":"camelo","247":"parede","248":"planeta","249":"foguete","250":"peixe-espada","251":"bêbado","252":"música","253":"poluição","254":"cerveja","255":"gaivota","256":"suco","257":"vila","258":"tesoura","259":"história","260":"carta","261":"coco","262":"leite de coco","263":"açúcar","264":"morcego","265":"esquilo","266":"rio","267":"biscoito","268":"iceberg","269":"urubu","270":"osso","271":"skittles","272":"algodão doce","273":"frozen yogurt","274":"swedish fish","275":"ring pop","276":"nerds","277":"picolé","278":"peeps","279":"pop rocks","280":"sweethearts","281":"pokki","282":"castelo","283":"centauro","284":"ninho","285":"leão","286":"casinha de cachorro","287":"arranha-céu","288":"dinamite","289":"bode","290":"cereal","291":"buraco negro","293":"starburst","294":"juicy fruit","295":"caramelo","296":"goldfish","297":"astronaut ice cream","298":"milky way","299":"guiness float","300":"caramel apple","301":"farol","302":"surfista","303":"macaco","304":"ideia","305":"galáxia","306":"abajur","307":"espelho","308":"meteoroide","309":"meteoro","310":"ornitorrinco","311":"pirata","312":"abajur de lava","313":"hambúrguer","314":"e-mail","315":"prisma","316":"lixa","317":"pipa","318":"origami","319":"darth vader","320":"estátua","321":"willy wonka","322":"chocolate","323":"mounds","324":"caramelo","325":"twix","326":"cadbury eggs","327":"leite achocolatado","328":"massa de biscoito","329":"red vines","330":"fun dip","331":"cidade","332":"águia","333":"relógio","334":"ambulância","335":"peixe-boi","336":"óculos de esqui","337":"óculos de natação","338":"ciborgue","339":"sereia","340":"ovelha","341":"alienígena","342":"livro","343":"batman","344":"barragem","345":"internet","346":"motocicleta","347":"avalanche","348":"couro","349":"feiticeiro","350":"fauno","351":"ouro","352":"musgo","353":"temporizador de ovo","354":"manteiga","355":"oxigênio","356":"pirâmide","357":"castelo de areia","358":"yoda","359":"guarda-chuva","360":"lagoa","361":"lã","362":"espantalho","363":"dióxido de carbono","364":"monarca","365":"ponte","366":"vassoura","367":"folha","368":"geladeira","369":"impressora","370":"escorpião","371":"papai noel","372":"rena","373":"trenó","374":"doce de natal","375":"meia de natal","376":"chaminé","377":"suéter","378":"presente","379":"bola de neve","380":"snowboard","381":"tatu","382":"pombo","383":"hidroavião","384":"narval","385":"piranha","386":"titanic","387":"obsidiana","388":"múmia","389":"dinheiro","390":"peixe voador","391":"tanque","392":"sistema solar","393":"aviãozinho de papel","394":"banana","395":"arenito","396":"papagaio","397":"gelo seco","398":"lanterna","399":"orvalho","400":"cavalo de troia","401":"erva de gato","402":"bisturi","403":"skate","404":"despertador","405":"pistola de água","406":"turbina eólica","407":"cofre de porquinho","408":"bicho preguiça","409":"marshmallows","410":"foca","411":"helicóptero","412":"chá","413":"piquenique","414":"pavão","415":"rosa","416":"flor","417":"beija-flor","418":"camaleão","419":"raposa","420":"javali","421":"caminhão de bombeiros","422":"medusa","423":"esquilo voador","424":"cerca","425":"carro elétrico","426":"avestruz","427":"milkshake","428":"mapa","429":"cortador de grama","430":"ratoeira","431":"algodão","432":"linha","433":"tecido","434":"banco","435":"excalibur","436":"picolé","437":"pica-pau","438":"varinha","439":"navio pirata","440":"constelação","441":"mouse de computador","442":"macarrão","443":"shuriken","444":"ninja","445":"sela","446":"partitura","447":"rosquinha","448":"vara de pescar","449":"limonada","450":"maionese","451":"confeti","452":"bruxa","453":"esqueleto","454":"aranha","455":"teia","456":"fantasma","457":"vegetal","458":"abóbora","459":"bola de cristal","460":"abóbora iluminada","461":"abelha","462":"borboleta","463":"colmeia","464":"mel","465":"cera","466":"vela","467":"vitória régia","468":"hipopótamo","469":"petróleo","470":"pinóquio","471":"papel de embrulho","472":"minotauro","473":"vaso","474":"estação espacial","475":"sabonete","476":"fonte","477":"agulha","478":"tambor","479":"massa de empanar","480":"carrinho de neve","481":"rato","482":"esfinge","483":"geleia","484":"cheeseburger","485":"corvo","486":"taser","487":"canhão","488":"liquidificador","489":"colete à prova de balas","490":"ancinho","491":"ovni","492":"bolo","493":"churrasco","494":"nadador","495":"pescador","496":"fazenda","497":"ruínas","498":"bife","499":"nave espacial","500":"godzilla","501":"ferradura","502":"refrigerante","503":"trator","504":"sapo","505":"carteiro","506":"curativo","507":"cabana de madeira","508":"ônibus","509":"alpaca","510":"corda","511":"poça","512":"queijo quente","513":"pterodáctilo","514":"globo de neve","515":"lança-chamas","516":"cachoeira","517":"ozônio","518":"formiga","519":"tinta","520":"mapa do tesouro","521":"tesouro","522":"martelo","523":"cordilheira","524":"árvore genealógica","525":"trailer","526":"mofo","527":"padaria","528":"caminhão de sorvete","529":"jardineiro","530":"supernova","531":"doge","532":"anel precioso","533":"gato do teclado","534":"tartaruga ninja","535":"boneco gingerbread","536":"casa de gingerbread","537":"óculos de segurança","538":"pacote de feno","539":"harpa","540":"biscoite da sorte","541":"asa de frango","542":"receita","543":"batata frita","544":"regua","545":"sopa de frango","546":"chá gelado","547":"tiranossauro rex","548":"lago","549":"pato","550":"tucano","551":"fibra ótica","552":"estetoscópio","553":"mac e queijo","554":"nessie","555":"bolo de banana","556":"drone","557":"carne seca","558":"conto de fadas","559":"hera","560":"hamster","561":"cabra de montanha","562":"cenoura","563":"penicilina","564":"aspirador de pó","565":"pé grande","566":"aurora","567":"árvore bonsai","568":" extintor de incêndio","569":"gnomo","570":"granito","571":"cerca viva","572":"microscópio","573":"marte","574":"Roomba","575":"batido de iogurte Smoothie","576":"Nave Tardis","577":"o Doctor","578":"lã de aço","579":"crayon","580":"túnel","581":"areia movediça","582":"pára-quedas","583":"husky","584":"montanha russa","585":"apontador","586":"máquina de costura","587":"Dom Quixote","588":"cofre","589":"granulados","590":"corrente","591":"sinal de fumo","592":"laço","593":"traça","594":"caldeirão","595":"tenda","596":"perfume","597":"caxemira","598":"avelã","599":"diagrama","600":"almofada","601":"raio-x","602":"erva","603":"biblioteca","604":"capa","605":"iaque","606":"janela","607":"carteira","608":"livro de receitas","609":"peixe e batatas fritas","610":"candeeiro a petróleo","611":"bola de sabão","612":"vinagre","613":"moinho de água","614":"coelho","615":"coroa","616":"saturno","617":"esparguete"}
