{"1":"vann","2":"ild","3":"jord","4":"luft","5":"damp","6":"lava","7":"trykk","8":"vulkan","9":"sjø","10":"hav","11":"energi","12":"gjørme","13":"regn","14":"støv","15":"sky","16":"storm","17":"geysir","18":"øy","19":"jordskjelv","20":"vind","21":"utbrudd","22":"himmel","23":"orkan","24":"plante","25":"krutt","26":"eksplosjon","27":"stein","28":"sand","29":"aske","30":"kull","31":"diamant","32":"glass","33":"timeglass","34":"akvarium","35":"drivhus","36":"metall","37":"rust","38":"kjele","39":"kule","40":"stål","41":"tid","42":"tre","43":"sump","44":"liv","45":"plankton","46":"fugl","47":"føniks","48":"menneske","49":"egg","50":"leire","51":"golem","52":"keramikk","53":"verktøy","54":"dampmaskin","55":"knivblad","56":"tre","57":"øks","58":"skog","59":"kjærlighet","60":"tømmerhugger","61":"tog","62":"dampbåt","63":"bål","64":"rogn","65":"omelett","66":"kaviar","67":"skilpadde","68":"fisk","69":"firfisle","70":"felt","71":"bonde","72":"hus","73":"husdyr","74":"kylling","75":"gress","76":"ku","77":"melk","78":"ost","79":"måne","80":"tobakk","81":"pipe","82":"hjul","83":"sykkel","84":"hvete","85":"mel","86":"deig","87":"brød","88":"frukt","89":"pai","90":"kjøtt","91":"smørbrød","92":"røyk","93":"skinke","94":"pistol","95":"lik","96":"zombie","97":"kiste","98":"grav","99":"kirkegård","100":"båt","101":"ørken","102":"kaktus","103":"tang","104":"drage","105":"syklist","106":"brannmann","107":"strand","108":"sol","109":"palme","110":"regnbue","111":"tsunami","112":"blod","113":"seilbåt","114":"strøm","115":"lyspære","116":"juletre","117":"klokke","118":"frankenstein","119":"ledning","120":"motorsag","121":"elektriker","122":"lys","123":"elektrisk ål","124":"solsikke","125":"olje","126":"dag","127":"natt","128":"solcelle","129":"formørkelse","130":"bølge","131":"tidevann","132":"peis","133":"solur","134":"dobbel regnbue!","135":"ljå","136":"gravstein","137":"skumring","138":"fløyte","139":"vannpipe","140":"vilt dyr","141":"slange","142":"sykdom","143":"kald","144":"snø","145":"sjøsyke","146":"snømann","147":"ristet brød","148":"is","149":"sverd","150":"pingvin","151":"vindmølle","152":"sur nedbør","153":"fly","154":"alger","155":"allergi","156":"alligator","157":"kriger","158":"engel","159":"antarktis","160":"øygruppe","161":"rustning","162":"astronaut","163":"atmosfære","164":"atombombe","165":"gris","166":"bakterier","167":"låve","168":"bajonett","169":"bever","170":"fuglehus","171":"snøstorm","172":"murstein","173":"ugle","174":"slakter","175":"bil","176":"trekull","177":"stjerne","178":"ridder","179":"gjøk","180":"dinosaur","181":"hund","182":"and","183":"sanddyne","184":"ingeniør","185":"briller","186":"familie","187":"frukttre","188":"frukthage","189":"fyrverkeri","190":"flom","191":"tåke","192":"hage","193":"granat","194":"hagl","195":"høy","196":"helt","197":"horisont","198":"hest","199":"sykehus","200":"iskrem","201":"fjell","202":"isbre","203":"alkohol","204":"nerd","205":"kjerre","206":"vogn","207":"lege","208":"papir","209":"avis","210":"salt","211":"vampyr","212":"solbriller","213":"iglo","214":"sandstorm","215":"oase","216":"robot","217":"sushi","218":"trehytte","219":"enhjørning","220":"bacon","221":"sigarett","222":"pilot","223":"sjøhest","224":"fossil","225":"ring","226":"pegasus","227":"hai","228":"rom","229":"yoghurt","230":"datamaskin","231":"mus","232":"baker","233":"blyant","234":"sjøstjerne","235":"vin","236":"teleskop","237":"pizza","238":"katt","239":"lyd","240":"lyssabel","241":"jedi","242":"ulv","243":"varulv","244":"mannen med ljåen","245":"sjømann","246":"kamel","247":"vegg","248":"planet","249":"rakett","250":"sverdfisk","251":"full","252":"musikk","253":"røyktåke","254":"øl","255":"måke","256":"jus","257":"landsby","258":"saks","259":"historie","260":"brev","261":"kokosnøtt","262":"kokosmelk","263":"sukker","264":"flaggermus","265":"ekorn","266":"elv","267":"kjeks","268":"isfjell","269":"gribb","270":"bein","271":"skittles","272":"sukkerspinn","273":"frossen yoghurt","274":"swedish fish","275":"ring pop","276":"nerds","277":"vannis","278":"peeps","279":"pop rocks","280":"sweethearts","281":"pokki","282":"slott","283":"kentaur","284":"reir","285":"løve","286":"hundehus","287":"skyskraper","288":"dynamitt","289":"geit","290":"frokostblanding","291":"svart hull","293":"starburst","294":"juicy fruit","295":"karamell","296":"goldfish","297":"astronaut ice cream","298":"milky way","299":"guiness float","300":"caramel apple","301":"fyr","302":"surfer","303":"ape","304":"idé","305":"galakse","306":"lampe","307":"speil","308":"meteoroide","309":"meteor","310":"nebbdyr","311":"pirat","312":"lavalampe","313":"hamburger","314":"e-post","315":"prisme","316":"sandpapir","317":"drage","318":"origami","319":"Darth Vader","320":"statue","321":"willy wonka","322":"sjokolade","323":"mounds","324":"caramelo","325":"twix","326":"cadbury eggs","327":"sjokolademelk","328":"kakedeig","329":"red vines","330":"fun dip","331":"by","332":"ørn","333":"klokke","334":"ambulanse","335":"manat","336":"skibriller","337":"svømmebriller","338":"kyborg","339":"havfrue","340":"sau","341":"romvesen","342":"bok","343":"batman","344":"demning","345":"Internett","346":"motorsykkel","347":"snøskred","348":"lær","349":"trollmann","350":"faun","351":"gull","352":"mose","353":"eggeklokke","354":"smør","355":"oksygen","356":"pyramide","357":"sandslott","358":"yoda","359":"paraply","360":"dam","361":"ull","362":"fugleskremsel","363":"karbondioksyd","364":"monark","365":"bro","366":"kost","367":"blad","368":"kjøleskap","369":"skriver","370":"skorpion","371":"nisse","372":"reinsdyr","373":"slede","374":"sukkerstang","375":"julestrømpe","376":"skorstein","377":"genser","378":"gave","379":"snøball","380":"snøbrett","381":"beltedyr","382":"due","383":"sjøfly","384":"narhval","385":"piraya","386":"titanic","387":"obsidian","388":"mumie","389":"penger","390":"flygefisk","391":"stridsvogn","392":"solsystem","393":"papirfly","394":"banan","395":"sandstein","396":"papegøye","397":"tørris","398":"lommelykt","399":"dugg","400":"trojansk hest","401":"kattemynte","402":"skalpell","403":"skateboard","404":"vekkerklokke","405":"vannpistol","406":"vindturbin","407":"sparegris","408":"dovendyr","409":"marshmallows","410":"sel","411":"helikopter","412":"te","413":"piknik","414":"påfugl","415":"rose","416":"blomst","417":"kolibri","418":"kameleon","419":"rev","420":"villsvin","421":"brannbil","422":"medusa","423":"flygeekorn","424":"gjerde","425":"elektrisk bil","426":"struts","427":"milkshake","428":"kart","429":"gressklipper","430":"musefelle","431":"bomull","432":"tråd","433":"stoff","434":"bank","435":"excalibur","436":"vannis","437":"hakkespett","438":"stav","439":"sjørøverskip","440":"stjernebilde","441":"datamus","442":"pasta","443":"shuriken","444":"ninja","445":"sadel","446":"noter","447":"smultring","448":"fiskestang","449":"limonade","450":"majones","451":"konfetti","452":"heks","453":"skjelett","454":"edderkopp","455":"spindelvev","456":"spøkelse","457":"grønnsak","458":"gresskar","459":"krystallkule","460":"jack-o'-lantern","461":"bie","462":"sommerfugl","463":"bikube","464":"honning","465":"voks","466":"lys","467":"vannlilje","468":"flodhest","469":"petroleum","470":"pinocchio","471":"innpakningspapir","472":"minotaur","473":"vase","474":"romstasjon","475":"såpe","476":"fontene","477":"nål","478":"tromme","479":"røre","480":"snøscooter","481":"rotte","482":"sfinks","483":"syltetøy","484":"cheeseburger","485":"kråke","486":"taser","487":"kanon","488":"blender","489":"skuddsikker vest","490":"høygaffel","491":"ufo","492":"kake","493":"grill","494":"svømmer","495":"fisker","496":"gård","497":"ruiner","498":"biff","499":"romskip","500":"godzilla","501":"hestesko","502":"brus","503":"traktor","504":"frosk","505":"postbud","506":"bandasje","507":"trehytte","508":"buss","509":"alpakka","510":"tau","511":"vanndam","512":"grillet ost","513":"pterodactylus","514":"snøkule","515":"flammekaster","516":"foss","517":"ozon","518":"maur","519":"maling","520":"skattekart","521":"skatt","522":"hammer","523":"fjellkjede","524":"familietre","525":"bobil","526":"form","527":"bakeri","528":"isbil","529":"gartner","530":"supernova","531":"doge","532":"den ene ringen","533":"keyboard cat","534":"ninja turtle","535":"pepperkakemann","536":"pepperkakehus","537":"vernebriller","538":"høyball","539":"harpe","540":"lykkekake","541":"kyllingvinge","542":"oppskrift","543":"pommes frites","544":"linjal","545":"kyllingsuppe","546":"iste","547":"tyrannosaurus rex","548":"innsjø","549":"andunge","550":"toucan","551":"optisk fiber","552":"stetoskop","553":"macaroni og ost","554":"nessie","555":"bananbrød","556":"drone","557":"ristende","558":"eventyr","559":"eføy","560":"hamster","561":"fjellgeit","562":"gulrot","563":"pencillin","564":"støvsuger","565":"yeti","566":"aurora","567":"bonsai tre","568":"brannslukker","569":"gnom","570":"granitt","571":"hekk","572":"mikroskop","573":"mars","574":"roomba","575":"smoothie","576":"tardis","577":"doktoren","578":"stålull","579":"fargestift","580":"tunnel","581":"kvikksand","582":"fallskjerm","583":"husky","584":"berg-og-dal-bane","585":"blyantspisser","586":"symaskin","587":"don quixote","588":"bankboks","589":"strøssel","590":"kjede","591":"røyksignal","592":"lasso","593":"møll","594":"kjele","595":"telt","596":"parfyme","597":"kasjmir","598":"nøtt","599":"plantegning","600":"pute","601":"røntgen","602":"urt","603":"bibliotek","604":"kappe","605":"yakokse","606":"vindu","607":"lommebok","608":"kokebok","609":"fish & chips","610":"parafinlampe","611":"såpeboble","612":"eddik","613":"vannhjul","614":"kanin","615":"krone","616":"saturn","617":"spaghetti"}
