{"1":"eau","2":"feu","3":"terre","4":"air","5":"vapeur","6":"lave","7":"pression","8":"volcan","9":"mer","10":"océan","11":"énergie","12":"boue","13":"pluie","14":"poussière","15":"nuage","16":"tempête","17":"geyser","18":"île","19":"tremblement de terre","20":"vent","21":"éruption","22":"ciel","23":"ouragan","24":"plante","25":"poudre à canon","26":"explosion","27":"pierre","28":"sable","29":"cendre","30":"charbon","31":"diamant","32":"verre","33":"sablier","34":"aquarium","35":"serre","36":"métal","37":"rouille","38":"chaudière","39":"balle","40":"acier","41":"temps","42":"arbre","43":"marais","44":"vie","45":"plancton","46":"oiseau","47":"phénix","48":"humain","49":"œuf","50":"argile","51":"golem","52":"poterie","53":"outil","54":"moteur à vapeur","55":"lame","56":"bois","57":"hache","58":"forêt","59":"amour","60":"bûcheron","61":"train","62":"navire à vapeur","63":"feu de camp","64":"œufs de poisson","65":"omelette","66":"caviar","67":"tortue","68":"poisson","69":"lézard","70":"champ","71":"fermier","72":"maison","73":"bétail","74":"poulet","75":"herbe","76":"vache","77":"lait","78":"fromage","79":"lune","80":"tabac","81":"pipe","82":"roue","83":"vélo","84":"blé","85":"farine","86":"pâte","87":"pain","88":"fruit","89":"tarte","90":"viande","91":"sandwich","92":"fumée","93":"jambon","94":"pistolet","95":"cadavre","96":"zombie","97":"cercueil","98":"tombe","99":"cimetière","100":"bateau","101":"désert","102":"cactus","103":"algue","104":"dragon","105":"cycliste","106":"pompier","107":"plage","108":"soleil","109":"palmier","110":"arc en ciel","111":"tsunami","112":"sang","113":"bateau à voile","114":"électricité","115":"ampoule","116":"arbre de Noël","117":"horloge","118":"frankenstein","119":"fil électrique","120":"tronçonneuse","121":"électricien","122":"lumière","123":"anguille électrique","124":"tournesol","125":"huile","126":"jour","127":"nuit","128":"cellule solaire","129":"éclipse","130":"vague","131":"marée","132":"âtre","133":"cadran solaire","134":"double arc en ciel !","135":"faux","136":"pierre tombale","137":"crépuscule","138":"flûte","139":"narguilé","140":"animal sauvage","141":"serpent","142":"maladie","143":"froid","144":"neige","145":"mal de mer","146":"bonhomme de neige","147":"toast","148":"glace","149":"épée","150":"pingouin","151":"moulin à vent","152":"pluie acide","153":"avion","154":"algues","155":"allergie","156":"alligator","157":"guerrier","158":"ange","159":"antarctique","160":"archipel","161":"armure","162":"astronaute","163":"atmosphère","164":"bombe atomique","165":"cochon","166":"bactéries","167":"grange","168":"baïonnette","169":"castor","170":"nichoir","171":"blizzard","172":"brique","173":"hibou","174":"boucher","175":"voiture","176":"charbon de bois","177":"étoile","178":"chevalier","179":"coucou","180":"dinosaure","181":"chien","182":"canard","183":"dune","184":"ingénieur","185":"lunettes","186":"famille","187":"arbre fruitier","188":"verger","189":"feu d'artifice","190":"inondation","191":"brouillard","192":"jardin","193":"grenade","194":"grêle","195":"foin","196":"héros","197":"horizon","198":"cheval","199":"hôpital","200":"crème glacée","201":"montagne","202":"glacier","203":"alcool","204":"nerd","205":"chariot","206":"wagon","207":"docteur","208":"papier","209":"journal","210":"sel","211":"vampire","212":"lunettes de soleil","213":"iglou","214":"tempête de sable","215":"oasis","216":"robot","217":"sushi","218":"cabane dans les arbres","219":"licorne","220":"lard","221":"cigarette","222":"pilote","223":"hippocampe","224":"fossile","225":"anneau","226":"pégase","227":"requin","228":"espace","229":"yaourt","230":"ordinateur","231":"souris","232":"boulanger","233":"crayon","234":"étoile de mer","235":"vin","236":"télescope","237":"pizza","238":"chat","239":"son","240":"sabre laser","241":"jedi","242":"loup","243":"loup-garou","244":"faucheuse","245":"marin","246":"chameau","247":"mur","248":"planète","249":"fusée","250":"espadon","251":"ivre","252":"musique","253":"smog","254":"bière","255":"mouette","256":"jus","257":"village","258":"ciseaux","259":"histoire","260":"lettre","261":"noix de coco","262":"lait de coco","263":"sucre","264":"chauve-souris","265":"écureuil","266":"rivière","267":"gâteau","268":"iceberg","269":"vautour","270":"os","271":"skittles","272":"barbe à papa","273":"yogourt glacé","274":"swedish fish","275":"ring pop","276":"nerds","277":"sucette glacée","278":"peeps","279":"pop rocks","280":"sweethearts","281":"pokki","282":"château","283":"centaure","284":"nid","285":"lion","286":"niche","287":"gratte-ciel","288":"dynamite","289":"chèvre","290":"céréales","291":"trou noir","293":"starburst","294":"juicy fruit","295":"caramel","296":"goldfish","297":"astronaut ice cream","298":"milky way","299":"guiness float","300":"caramel apple","301":"phare","302":"surfeur","303":"singe","304":"idée","305":"galaxie","306":"lampe","307":"miroir","308":"météorite","309":"météore","310":"ornithorynque","311":"pirate","312":"lampe à lave","313":"hamburger","314":"email","315":"prisme","316":"papier de verre","317":"cerf-volant","318":"origami","319":"darth vader","320":"statue","321":"willy wonka","322":"chocolat","323":"mounds","324":"caramelo","325":"twix","326":"cadbury eggs","327":"lait au chocolat","328":"pâte à biscuits","329":"red vines","330":"fun dip","331":"ville","332":"aigle","333":"montre","334":"ambulance","335":"lamantin","336":"lunettes de ski","337":"lunettes de natation","338":"cyborg","339":"sirène","340":"mouton","341":"extraterrestre","342":"livre","343":"batman","344":"barrage","345":"Internet","346":"moto","347":"avalanche","348":"cuir","349":"magicien","350":"faune","351":"or","352":"mousse","353":"minuteur","354":"beurre","355":"oxygène","356":"pyramide","357":"château de sable","358":"yoda","359":"parapluie","360":"étang","361":"laine","362":"épouvantail","363":"dioxyde de carbone","364":"monarque","365":"pont","366":"balai","367":"feuille","368":"frigo","369":"imprimante","370":"scorpion","371":"père Noël","372":"renne","373":"traîneau","374":"canne à sucre","375":"bas de Noël","376":"cheminée","377":"pull","378":"cadeau","379":"boule de neige","380":"snowboard","381":"tatou","382":"pigeon","383":"hydravion","384":"narval","385":"piranha","386":"titanic","387":"obsidienne","388":"momie","389":"argent","390":"poisson volant","391":"tank","392":"système solaire","393":"avion en papier","394":"banane","395":"grès","396":"perroquet","397":"neige carbonique","398":"lampe de poche","399":"rosée","400":"cheval de Troie","401":"herbe à chat","402":"scalpel","403":"skateboard","404":"réveil","405":"pistolet à eau","406":"éolienne","407":"tirelire","408":"paresseux","409":"guimauves","410":"phoque","411":"hélicoptère","412":"thé","413":"pique-nique","414":"paon","415":"rose","416":"fleur","417":"colibri","418":"caméléon","419":"renard","420":"sanglier","421":"camion de pompier","422":"méduse","423":"écureuil volant","424":"clôture","425":"voiture électrique","426":"autruche","427":"milk-shake","428":"carte","429":"tondeuse à gazon","430":"piège à souris","431":"coton","432":"fil","433":"tissu","434":"banque","435":"excalibur","436":"sucette glacée","437":"pivert","438":"baguette magique","439":"bateau pirate","440":"constellation","441":"souris d'ordinateur","442":"pâtes","443":"shuriken","444":"ninja","445":"selle","446":"partition","447":"beignet","448":"canne à pêche","449":"limonade","450":"mayonnaise","451":"confettis","452":"sorcière","453":"squelette","454":"araignée","455":"toile","456":"fantôme","457":"légume","458":"citrouille","459":"boule de cristal","460":"citrouille d'halloween","461":"abeille","462":"papillon","463":"ruche","464":"miel","465":"cire","466":"bougie","467":"nénuphar","468":"hippopotame","469":"pétrole","470":"pinocchio","471":"papier d'emballage","472":"minotaure","473":"vase","474":"station spatiale","475":"savon","476":"fontaine","477":"aiguille","478":"tambour","479":"pâte à gâteau","480":"motoneige","481":"rat","482":"sphinx","483":"confiture","484":"cheeseburger","485":"corbeau","486":"taser","487":"canon","488":"mixeur","489":"gilet pare-balles","490":"fourche","491":"ovni","492":"gâteau","493":"bbq","494":"nageur","495":"pêcheur","496":"ferme","497":"ruines","498":"steak","499":"vaisseau spatial","500":"godzilla","501":"fer à cheval","502":"soda","503":"tracteur","504":"grenouille","505":"facteur","506":"bandage","507":"cabane","508":"bus","509":"alpaga","510":"corde","511":"flaque","512":"fromage grillé","513":"ptérodactyle","514":"globe de neige","515":"lance-flammes","516":"cascade","517":"ozone","518":"fourmi","519":"peinture","520":"carte au trésor","521":"trésor","522":"marteau","523":"chaîne de montagnes","524":"arbre généalogique","525":"caravane","526":"moisissure","527":"boulangerie","528":"camion de crème glacée","529":"jardinier","530":"super nova","531":"doge","532":"une bague","533":"chat de clavier","534":"tortue Ninja","535":"bonhomme de pain d'épices","536":"maison en pain d'épice","537":"lunettes de protection","538":"botte de foin","539":"harpe","540":"biscuit chinois","541":"aile de poulet","542":"recette","543":"frites","544":"règle","545":"soupe de poulet","546":"thé glacé","547":"tyrannosaurus rex","548":"lac","549":"caneton","550":"toucan","551":"fibre optique","552":"stéthoscope","553":"pâtes au fromage","554":"Nessie","555":"pain à la banane","556":"drone","557":"viande séchée","558":"conte de fées","559":"lierre","560":"hamster","561":"chèvre de montagne","562":"carotte","563":"pénicilline","564":"aspirateur","565":"yéti","566":"aurore","567":"bonsaï","568":"extincteur","569":"gnome","570":"granit","571":"haie","572":"microscope","573":"mars","574":"roomba","575":"smoothie","576":"tardis","577":"le docteur","578":"paille de fer","579":"crayon","580":"tunnel","581":"sables mouvants","582":"parachute","583":"rauque","584":"montagnes russes","585":"taille-crayon","586":"machine à coudre","587":"don Quichotte","588":"coffre-fort","589":"vermicelles","590":"chaîne","591":"signal de fumée","592":"lasso","593":"papillon de nuit","594":"chaudron","595":"tente","596":"parfum","597":"cachemire","598":"noix","599":"plan","600":"oreiller","601":"rayon x","602":"herbe","603":"bibliothèque","604":"cape","605":"yack","606":"fenêtre","607":"portefeuille","608":"livre de recettes","609":"poisson-frites","610":"lampe à huile","611":"bulle de savon","612":"vinaigre","613":"roue à aubes","614":"lapin","615":"couronne","616":"saturne","617":"spaghetti"}
