{"1":"acqua","2":"fuoco","3":"terra","4":"aria","5":"vapore","6":"lava","7":"pressione","8":"vulcano","9":"mare","10":"oceano","11":"energia","12":"fango","13":"pioggia","14":"polvere","15":"nuvola","16":"tempesta","17":"geyser","18":"isola","19":"terremoto","20":"vento","21":"eruzione","22":"cielo","23":"uragano","24":"pianta","25":"polvere da sparo","26":"esplosione","27":"pietra","28":"sabbia","29":"cenere","30":"carbone","31":"diamante","32":"vetro","33":"clessidra","34":"acquario","35":"serra","36":"metallo","37":"ruggine","38":"caldaia","39":"proiettile","40":"acciaio","41":"tempo","42":"albero","43":"palude","44":"vita","45":"plancton","46":"uccello","47":"fenice","48":"umano","49":"uovo","50":"argilla","51":"golem","52":"ceramiche","53":"strumento","54":"motore a vapore","55":"lama","56":"legna","57":"ascia","58":"foresta","59":"amore","60":"taglialegna","61":"treno","62":"battello a vapore","63":"falò","64":"uova di pesce","65":"frittata","66":"caviale","67":"tartaruga","68":"pesce","69":"lucertola","70":"campo","71":"contadino","72":"casa","73":"bestiame","74":"pollo","75":"erba","76":"mucca","77":"latte","78":"formaggio","79":"luna","80":"tabacco","81":"pipa","82":"ruota","83":"bicicletta","84":"grano","85":"farina","86":"impasto","87":"pane","88":"frutta","89":"torta","90":"carne","91":"panino","92":"fumo","93":"prosciutto","94":"pistola","95":"cadavere","96":"zombie","97":"bara","98":"tomba","99":"cimitero","100":"barca","101":"deserto","102":"cactus","103":"alga marina","104":"drago","105":"ciclista","106":"pompiere","107":"spiaggia","108":"sole","109":"palma","110":"arcobaleno","111":"tsunami","112":"sangue","113":"barca a vela","114":"elettricità","115":"lampadina","116":"albero di Natale","117":"orologio","118":"Frankenstein","119":"cavo","120":"motosega","121":"elettricista","122":"luce","123":"anguilla elettrica","124":"girasole","125":"olio","126":"giorno","127":"notte","128":"cellula solare","129":"eclissi","130":"onda","131":"marea","132":"camino","133":"meridiana","134":"doppio arcobaleno!","135":"falce","136":"pietra sepolcrale","137":"crepuscolo","138":"flauto","139":"conduttura dell'acqua","140":"animale selvatico","141":"serpente","142":"malattia","143":"freddo","144":"neve","145":"mal di mare","146":"pupazzo di neve","147":"pane tostato","148":"ghiaccio","149":"spada","150":"pinguino","151":"mulino a vento","152":"piogge acide","153":"aereo","154":"alga","155":"allergia","156":"coccodrillo","157":"guerriero","158":"angelo","159":"Antartide","160":"arcipelago","161":"armatura","162":"astronauta","163":"atmosfera","164":"bomba atomica","165":"maiale","166":"batteri","167":"fienile","168":"baionetta","169":"castoro","170":"casetta per gli uccelli","171":"bufera di neve","172":"mattone","173":"gufo","174":"macellaio","175":"automobile","176":"carboncino","177":"stella","178":"cavaliere","179":"cuculo","180":"dinosauro","181":"cane","182":"anatra","183":"duna","184":"ingegnere","185":"occhiali","186":"famiglia","187":"albero da frutto","188":"frutteto","189":"fuochi d'artificio","190":"alluvione","191":"nebbia","192":"giardino","193":"granata","194":"grandine","195":"fieno","196":"eroe","197":"orizzonte","198":"cavallo","199":"ospedale","200":"gelato","201":"montagna","202":"ghiacciaio","203":"alcol","204":"secchione","205":"carrello","206":"carro","207":"medico","208":"carta","209":"giornale","210":"sale","211":"vampiro","212":"occhiali da sole","213":"iglù","214":"tempesta di sabbia","215":"oasi","216":"robot","217":"sushi","218":"casa sull'albero","219":"unicorno","220":"pancetta","221":"sigaretta","222":"pilota","223":"cavalluccio marino","224":"fossile","225":"anello","226":"pegasus","227":"squalo","228":"spazio","229":"yogurt","230":"computer","231":"topo","232":"panettiere","233":"matita","234":"stella di mare","235":"vino","236":"telescopio","237":"pizza","238":"gatto","239":"suono","240":"spada laser","241":"jedi","242":"lupo","243":"lupo mannaro","244":"Sinistro Mietitore","245":"marinaio","246":"cammello","247":"parete","248":"pianeta","249":"razzo","250":"pesce spada","251":"ubriaco","252":"musica","253":"smog","254":"birra","255":"gabbiano","256":"succo","257":"villaggio","258":"forbici","259":"storia","260":"lettera","261":"noce di cocco","262":"latte di cocco","263":"zucchero","264":"pipistrello","265":"scoiattolo","266":"fiume","267":"biscotto","268":"iceberg","269":"avvoltoio","270":"osso","271":"skittles","272":"zucchero filato","273":"yogurt congelato","274":"swedish fish","275":"ring pop","276":"nerds","277":"ghiacciolo","278":"peeps","279":"pop rocks","280":"sweethearts","281":"pokki","282":"castello","283":"centauro","284":"nido","285":"leone","286":"canile","287":"grattacielo","288":"dinamite","289":"capra","290":"cereale","291":"buco nero","293":"starburst","294":"juicy fruit","295":"caramello","296":"goldfish","297":"astronaut ice cream","298":"milky way","299":"guiness float","300":"caramel apple","301":"faro","302":"surfista","303":"scimmia","304":"idea","305":"galassia","306":"lampada","307":"specchio","308":"meteoroide","309":"meteora","310":"ornitorinco","311":"pirata","312":"lampada di lava","313":"hamburger","314":"e-mail","315":"prisma","316":"carta vetrata","317":"aquilone","318":"origami","319":"Dart Fener","320":"statua","321":"willy wonka","322":"cioccolato","323":"mounds","324":"caramelo","325":"twix","326":"cadbury eggs","327":"cioccolata al latte","328":"impasto per biscotti","329":"red vines","330":"fun dip","331":"città","332":"aquila","333":"orologio da polso","334":"ambulanza","335":"lamantino","336":"occhiali da sci","337":"occhialini da nuoto","338":"cyborg","339":"sirena","340":"pecora","341":"alieno","342":"libro","343":"batman","344":"diga","345":"Internet","346":"motocicletta","347":"valanga","348":"pelle","349":"stregone","350":"fauno","351":"oro","352":"muschio","353":"timer da cucina","354":"burro","355":"ossigeno","356":"piramide","357":"castello di sabbia","358":"yoda","359":"ombrello","360":"stagno","361":"lana","362":"spaventapasseri","363":"anidride carbonica","364":"monarca","365":"ponte","366":"scopa","367":"foglia","368":"frigo","369":"stampante","370":"scorpione","371":"babbo natale","372":"renna","373":"slitta","374":"canna da zucchero candito","375":"calza di natale","376":"camino","377":"maglione","378":"regalo","379":"palla di neve","380":"Snowboard","381":"armadillo","382":"piccione","383":"idrovolante","384":"narvalo","385":"piranha","386":"Titanic","387":"ossidiana","388":"mummia","389":"denaro","390":"pesce volante","391":"carro armato","392":"sistema solare","393":"aeroplano di carta","394":"banana","395":"arenaria","396":"pappagallo","397":"ghiaccio secco","398":"torcia elettrica","399":"rugiada","400":"cavallo di troia","401":"erba gatta","402":"bisturi","403":"skateboard","404":"sveglia","405":"pistola ad acqua","406":"turbina eolica","407":"salvadanaio","408":"bradipo","409":"marshmallows","410":"foca","411":"elicottero","412":"tè","413":"picnic","414":"pavone","415":"rosa","416":"fiore","417":"colibrì","418":"camaleonte","419":"volpe","420":"cinghiale","421":"camion dei pompieri","422":"medusa","423":"scoiattolo volante","424":"recinto","425":"automobile elettrica","426":"struzzo","427":"frappé","428":"mappa","429":"taglia erba","430":"trappola per i topi","431":"cotone","432":"filo","433":"tessuto","434":"banca","435":"excalibur","436":"ghiacciolo","437":"picchio","438":"bacchetta magica","439":"nave dei pirati","440":"costellazione","441":"mouse del computer","442":"pasta","443":"shuriken","444":"ninja","445":"sella","446":"spartito musicale","447":"ciambella","448":"canna da pesca","449":"limonata","450":"maionese","451":"coriandoli","452":"strega","453":"scheletro","454":"ragno","455":"web","456":"fantasma","457":"verdura","458":"zucca","459":"sfera di cristallo","460":"jack-o'-lantern","461":"ape","462":"farfalla","463":"alveare","464":"miele","465":"cera","466":"candela","467":"giglio d'acqua","468":"ippopotamo","469":"petrolio","470":"pinocchio","471":"carta da imballaggio","472":"minotauro","473":"vaso","474":"stazione spaziale","475":"sapone","476":"fontana","477":"ago","478":"tamburo","479":"pastella","480":"gatto delle nevi","481":"ratto","482":"sfinge","483":"marmellata","484":"Cheeseburger","485":"corvo","486":"Taser","487":"cannone","488":"miscelatore","489":"giubbotto antiproiettile","490":"forcone","491":"ufo","492":"torta","493":"bbq","494":"nuotatore","495":"pescatore sportivo","496":"fattoria","497":"rovine","498":"bistecca","499":"astronave","500":"godzilla","501":"ferro di cavallo","502":"soda","503":"trattore","504":"rana","505":"postino","506":"benda","507":"capanna di legno","508":"autobus","509":"alpaca","510":"corda","511":"pozzanghera","512":"formaggio alla griglia","513":"pterodattillo","514":"palla di vetro con neve","515":"lanciafiamme","516":"cascata","517":"ozono","518":"formica","519":"vernice","520":"mappa del tesoro","521":"tesoro","522":"martello","523":"catena montuosa","524":"albero genealogico","525":"camper","526":"muffa","527":"panificio","528":"camion di gelati","529":"giardiniere","530":"Super Nova","531":"Doge","532":"l'unico anello","533":"keyboard cat","534":"tartaruga ninja","535":"omino di pan di zenzero","536":"casetta di pan di zenzero","537":"occhiali di sicurezza","538":"balla di fieno","539":"arpa","540":"biscotto della fortuna","541":"ala di pollo","542":"ricetta","543":"patatine fritte","544":"righello","545":"brodo di pollo","546":"tè freddo","547":"tirannosauro rex","548":"lago","549":"anatroccolo","550":"tucano","551":"fibra ottica","552":"stetoscopio","553":"maccheroni e formaggio","554":"Nessie","555":"pane di banane","556":"drone","557":"alterato","558":"fiaba","559":"edera","560":"criceto","561":"capra di montagna","562":"carota","563":"penicillina","564":"aspirapolvere","565":"yeti","566":"aurora","567":"albero bonsai","568":"estintore","569":"gnomo","570":"granito","571":"siepe","572":"microscopio","573":"Marte","574":"roomba","575":"frullato","576":"tardis","577":"il dottore","578":"lana d'acciaio","579":"pastello","580":"tunnel","581":"sabbie mobili","582":"paracadute","583":"husky","584":"montagne russe","585":"temperamatite","586":"macchina da cucire","587":"Don Chisciotte","588":"cassaforte","589":"codette","590":"catena","591":"segnale di fumo","592":"laccio","593":"falena","594":"calderone","595":"tenda","596":"profumo","597":"cachemire","598":"nocciola","599":"progetto","600":"cuscino","601":"raggi x","602":"erba","603":"biblioteca","604":"mantello","605":"yak","606":"finestra","607":"portafoglio","608":"ricettario","609":"fish and chips","610":"lampada ad olio","611":"bolla di sapone","612":"aceto","613":"ruota idraulica","614":"coniglio","615":"corona","616":"Saturno","617":"spaghetti"}
