{"1": "water", "2": "vuur", "3": "aarde", "4": "lucht", "5": "stoom", "6": "lava", "7": "druk", "8": "vulkaan", "9": "zee", "10": "oceaan", "11": "energie", "12": "modder", "13": "regen", "14": "stof", "15": "wolk", "16": "storm", "17": "geiser", "18": "eiland", "19": "aardbeving", "20": "wind", "21": "uitbarsting", "22": "hemel", "23": "orkaan", "24": "plant", "25": "buskruit", "26": "explosie", "27": "steen", "28": "zand", "29": "as", "30": "kolen", "31": "diamant", "32": "glas", "33": "zandloper", "34": "aquarium", "35": "broeikas", "36": "metaal", "37": "roest", "38": "boiler", "39": "kogel", "40": "staal", "41": "tijd", "42": "boom", "43": "moeras", "44": "leven", "45": "plankton", "46": "vogel", "47": "feniks", "48": "mens", "49": "ei", "50": "klei", "51": "golem", "52": "aardewerk", "53": "gereedschap", "54": "stoommachine", "55": "mes", "56": "hout", "57": "bijl", "58": "woud", "59": "liefde", "60": "houthakker", "61": "trein", "62": "stoomboot", "63": "kampvuur", "64": "kuit", "65": "omelet", "66": "kaviaar", "67": "schildpad", "68": "vis", "69": "hagedis", "70": "veld", "71": "boer", "72": "huis", "73": "vee", "74": "kip", "75": "gras", "76": "koe", "77": "melk", "78": "kaas", "79": "maan", "80": "tabak", "81": "pijp", "82": "wiel", "83": "fiets", "84": "tarwe", "85": "meel", "86": "deeg", "87": "brood", "88": "fruit", "89": "taart", "90": "vlees", "91": "sandwich", "92": "rook", "93": "ham", "94": "geweer", "95": "lijk", "96": "zombie", "97": "doodskist", "98": "graf", "99": "kerkhof", "100": "boot", "101": "woestijn", "102": "cactus", "103": "zeewier", "104": "draak", "105": "fietser", "106": "brandweerman", "107": "strand", "108": "zon", "109": "palmboom", "110": "regenboog", "111": "tsunami", "112": "bloed", "113": "zeilboot", "114": "elektriciteit", "115": "gloeilamp", "116": "kerstboom", "117": "klok", "118": "frankenstein", "119": "metaaldraad", "120": "kettingzaag", "121": "elektricien", "122": "licht", "123": "sidderaal", "124": "zonnebloem", "125": "olie", "126": "dag", "127": "nacht", "128": "zonnecel", "129": "eclips", "130": "golf", "131": "getij", "132": "haard", "133": "zonnewijzer", "134": "dubbele regenboog!", "135": "zeis", "136": "grafsteen", "137": "schemering", "138": "fluit", "139": "waterpijp", "140": "wild dier", "141": "slang", "142": "ziekte", "143": "koude", "144": "sneeuw", "145": "zeeziekte", "146": "sneeuwpop", "147": "geroosterde boterham", "148": "ijs", "149": "zwaard", "150": "pingu\u00c3\u00afn", "151": "windmolen", "152": "zure regen", "153": "vliegtuig", "154": "algen", "155": "allergie", "156": "alligator", "157": "krijger", "158": "engel", "159": "antarctica", "160": "archipel", "161": "harnas", "162": "astronaut", "163": "atmosfeer", "164": "atoombom", "165": "varken", "166": "bacterie", "167": "schuur", "168": "bajonet", "169": "bever", "170": "vogelhuisje", "171": "sneeuwstorm", "172": "baksteen", "173": "uil", "174": "slager", "175": "auto", "176": "houtskool", "177": "ster", "178": "ridder", "179": "koekoek", "180": "dinosaurus", "181": "hond", "182": "eend", "183": "duin", "184": "ingenieur", "185": "bril", "186": "gezin", "187": "fruitboom", "188": "boomgaard", "189": "vuurwerk", "190": "overstroming", "191": "mist", "192": "tuin", "193": "granaat", "194": "hagel", "195": "hooi", "196": "held", "197": "horizon", "198": "paard", "199": "ziekenhuis", "200": "ijs", "201": "berg", "202": "gletsjer", "203": "alcohol", "204": "nerd", "205": "kar", "206": "wagen", "207": "dokter", "208": "papier", "209": "krant", "210": "zout", "211": "vampier", "212": "zonnebril", "213": "iglo", "214": "zandstorm", "215": "oase", "216": "robot", "217": "sushi", "218": "boomhut", "219": "eenhoorn", "220": "spek", "221": "sigaret", "222": "piloot", "223": "zeepaard", "224": "fossiel", "225": "ring", "226": "pegasus", "227": "haai", "228": "ruimte", "229": "yoghurt", "230": "computer", "231": "muis", "232": "bakker", "233": "potlood", "234": "zeester", "235": "wijn", "236": "telescoop", "237": "pizza", "238": "kat", "239": "geluid", "240": "lichtsabel", "241": "jedi", "242": "wolf", "243": "weerwolf", "244": "magere hein", "245": "zeeman", "246": "kameel", "247": "muur", "248": "planeet", "249": "raket", "250": "zwaardvis", "251": "dronken", "252": "muziek", "253": "smog", "254": "bier", "255": "zeemeeuw", "256": "sap", "257": "dorp", "258": "schaar", "259": "verhaal", "260": "brief", "261": "kokosnoot", "262": "kokosmelk", "263": "suiker", "264": "vleermuis", "265": "eekhoorn", "266": "rivier", "267": "koekje", "268": "ijsberg", "269": "gier", "270": "bot", "271": "skittles", "272": "suikerspin", "273": "yoghurtijs", "274": "swedish fish", "275": "ring pop", "276": "nerds", "277": "ijslolly", "278": "peeps", "279": "pop rocks", "280": "sweethearts", "281": "pokki", "282": "kasteel", "283": "centaur", "284": "nest", "285": "leeuw", "286": "hondehok", "287": "wolkenkrabber", "288": "dynamiet", "289": "geit", "290": "ontbijtgranen", "291": "zwart gat", "293": "starburst", "294": "juicy fruit", "295": "karamel", "296": "goldfish", "297": "astronaut ice cream", "298": "milky way", "299": "guiness float", "300": "caramel apple", "301": "vuurtoren", "302": "surfer", "303": "aap", "304": "idee", "305": "sterrenstelsel", "306": "lamp", "307": "spiegel", "308": "meteoro\u00c3\u00afde", "309": "meteoor", "310": "vogelbekdier", "311": "piraat", "312": "lavalamp", "313": "hamburger", "314": "e-mail", "315": "prisma", "316": "schuurpapier", "317": "vlieger", "318": "origami", "319": "darth vader", "320": "standbeeld", "321": "willy wonka", "322": "chocolade", "323": "mounds", "324": "caramelo", "325": "twix", "326": "cadbury eggs", "327": "chocolademelk", "328": "koekjesdeeg", "329": "red vines", "330": "fun dip", "331": "stad", "332": "adelaar", "333": "horloge", "334": "ambulance", "335": "zeekoe", "336": "skibril", "337": "zwembril", "338": "cyborg", "339": "zeemeermin", "340": "schaap", "341": "ruimtewezen", "342": "boek", "343": "batman", "344": "dam", "345": "internet", "346": "motorfiets", "347": "lawine", "348": "leer", "349": "tovenaar", "350": "faun", "351": "goud", "352": "mos", "353": "eierwekker", "354": "boter", "355": "zuurstof", "356": "piramide", "357": "zandkasteel", "358": "yoda", "359": "paraplu", "360": "vijver", "361": "wol", "362": "vogelverschrikker", "363": "kooldioxide", "364": "monarch", "365": "brug", "366": "bezem", "367": "blad", "368": "koelkast", "369": "printer", "370": "schorpioen", "371": "kerstman", "372": "rendier", "373": "slee", "374": "zuurstok", "375": "kerstsok", "376": "schoorsteen", "377": "trui", "378": "kado", "379": "sneeuwbal", "380": "snowboard", "381": "gordeldier", "382": "duif", "383": "watervliegtuig", "384": "narwal", "385": "piranha", "386": "titanic", "387": "lavaglas", "388": "mummie", "389": "geld", "390": "vliegende vis", "391": "tank", "392": "zonnestelsel", "393": "papieren vliegtuigje", "394": "banaan", "395": "zandsteen", "396": "papegaai", "397": "droogijs", "398": "zaklamp", "399": "dauw", "400": "trojaans paard", "401": "kattenkruid", "402": "scalpel", "403": "skateboard", "404": "wekker", "405": "waterpistool", "406": "windturbine", "407": "spaarvarken", "408": "luiaard", "409": "marshmallows", "410": "zeehond", "411": "helikopter", "412": "thee", "413": "picknick", "414": "pauw", "415": "roos", "416": "bloem", "417": "kolibrie", "418": "kameleon", "419": "vos", "420": "everzwijn", "421": "brandweerwagen", "422": "medusa", "423": "vliegende eekhoorn", "424": "hek", "425": "elektrische auto", "426": "struisvogel", "427": "milkshake", "428": "kaart", "429": "grasmaaier", "430": "muizeval", "431": "katoen", "432": "garen", "433": "stof", "434": "bank", "435": "excalibur", "436": "ijslolly", "437": "specht", "438": "toverstaf", "439": "piratenschip", "440": "sterrenbeeld", "441": "computermuis", "442": "pasta", "443": "shuriken", "444": "ninja", "445": "zadel", "446": "bladmuziek", "447": "donut", "448": "hengel", "449": "limonade", "450": "mayonaise", "451": "confetti", "452": "heks", "453": "skelet", "454": "spin", "455": "web", "456": "spook", "457": "groente", "458": "pompoen", "459": "kristallen bol", "460": "dwaallicht", "461": "honingbij", "462": "vlinder", "463": "bijenkorf", "464": "honing", "465": "was", "466": "kaars", "467": "waterlelie", "468": "nijlpaard", "469": "petroleum", "470": "pinocchio", "471": "pakpapier", "472": "minotaur", "473": "vaas", "474": "ruimtestation", "475": "zeep", "476": "fontein", "477": "naald", "478": "trommel", "479": "beslag", "480": "sneeuwscooter", "481": "rat", "482": "sfinx", "483": "jam", "484": "cheeseburger", "485": "kraai", "486": "taser", "487": "kanon", "488": "mixer", "489": "kogelvrij vest", "490": "hooivork", "491": "ufo", "492": "cake", "493": "barbecue", "494": "zwemmer", "495": "hengelaar", "496": "boerderij", "497": "ru\u00c3\u00afnes", "498": "steak", "499": "ruimteschip", "500": "godzilla", "501": "hoefijzer", "502": "frisdrank", "503": "tractor", "504": "kikker", "505": "postbode", "506": "zwachtel", "507": "blokhut", "508": "bus", "509": "alpaca", "510": "touw", "511": "plas", "512": "gegrilde kaas", "513": "pterodactyl", "514": "sneeuwbol", "515": "vlammenwerper", "516": "waterval", "517": "ozon", "518": "mier", "519": "schilderen", "520": "schatkaart", "521": "schat", "522": "hamer", "523": "bergketen", "524": "stamboom", "525": "rv", "526": "schimmel", "527": "bakkerij", "528": "ijscowagen", "529": "tuinman", "530": "supernova", "531": "doge", "532": "die ene ring", "533": "toetsenbord kat", "534": "ninja schildpad", "535": "peperkoekmannetje", "536": "peperkoekhuis", "537": "veiligheidsbril", "538": "hooibaal", "539": "harp", "540": "gelukskoekje", "541": "kippenvleugel", "542": "recept", "543": "frietjes", "544": "meetlat", "545": "kippensoep", "546": "ijsthee", "547": "tyrannosaurus rex", "548": "meer", "549": "eendenkuiken", "550": "toekan", "551": "optische vezel", "552": "stethoscoop", "553": "macaroni met kaas", "554": "nessie", "555": "bananenbrood", "556": "drone", "557": "jerky", "558": "sprookje", "559": "klimop", "560": "hamster", "561": "berggeit", "562": "wortel", "563": "penicilline", "564": "stofzuiger", "565": "yeti", "566": "Aurora", "567": "bonsai-boompje", "568": "brandblusser", "569": "kabouter", "570": "graniet", "571": "haag", "572": "microscoop", "573": "Mars", "574": "Roomba", "575": "smoothie", "576": "tardis", "577": "de dokter", "578": "staalwol", "579": "krijt", "580": "tunnel", "581": "drijfzand", "582": "parachute", "583": "poolhond", "584": "achtbaan", "585": "puntenslijper", "586": "naaimachine", "587": "Don Quichot", "588": "kluis", "589": "hagelslag", "590": "ketting", "591": "rooksignaal", "592": "lasso", "593": "mot", "594": "ketel", "595": "tent", "596": "parfum", "597": "kasjmier", "598": "noot", "599": "blauwdruk", "600": "kussen", "601": "r\u00c3\u00b6ntgenstraal", "602": "kruid", "603": "bibliotheek", "604": "cape", "605": "jak", "606": "raam", "607": "portemonee", "608": "kookboek", "609": "vis en friet", "610": "olielamp", "611": "zeepbel", "612": "azijn", "613": "waterrad", "614": "konijn", "615": "kroon", "616": "saturnus", "617": "spaghetti", "618": "muntenharker", "619": "Gamemeneer"}