{
    "settings": {
        "resetProgressConfirm": "Vill du verkligen vill återställa dina framsteg?!",
        "disconnectConfirm": "Är du säker på att du vill koppla från ditt Google+-konto?"
    },
    "menu": {
        "welcome": "Start",
        "settings": "Inställningar",
        "leaderboards": "Topplista",
        "achievements": "Prestationer"
    },
    "elementInfo": {
        "itIsAsItIs": "Det är som det är..."
    },
    "languages": {
        "en": "English",
        "pl": "polski",
        "de": "Deutsch"
    },
    "login": {
        "login": "logga in",
        "logout": "logga ut"
    },
    "share": {
        "screenshotTitle": "Kolla vad jag har gjort i Little Alchemy.",
        "screenshotMessage": "http://littlealchemy.com",
        "leaderboardMessage": "Kolla in detta coola spel. http://littlealchemy.com",
        "in": "i",
        "elements": "beståndsdelar",
        "discovered": "har jag upptäckt",
        "screenshotWaiting": "Ett ögonblick, din skärmdump bearbetas...",
        "signYourself": "Skriv ditt meddelande",
        "share": "Dela!"
    },
    "achievements": {
        "50elements": {
            "title": "50 Beståndsdelar",
            "description": "Hitta 50 beståndsdelar",
            "earned": "Du hittade 50 beståndsdelar. Bra jobbat!"
        },
        "100elements": {
            "title": "100 Beståndsdelar",
            "description": "Hitta 100 beståndsdelar.",
            "earned": "100 beståndsdelar! Redan ganska mycket."
        },
        "200elements": {
            "title": "200 Beståndsdelar",
            "description": "Hitta 200 beståndsdelar.",
            "earned": "200 beståndsdelar! Du är jätteduktig!"
        },
        "300elements": {
            "title": "Detta! Är! Alkemi!",
            "description": "Är denna referens ens roligt?",
            "earned": "296 mer än du hade i början."
        },
        "400elements": {
            "title": "Jag Svär Jag Kan Sluta När Jag Vill.",
            "description": "400 är en ganska stor siffra.",
            "earned": "400?! Du börjar närma dig."
        },
        "completionist": {
            "title": "Måste Fånga Dem Alla",
            "description": "Ha alla tillgängliga beståndsdelar i ditt bibliotek vid en punkt.",
            "earned": "Du gjorde det! Din uthållighet är oslagbar!"
        },
        "hiddenelement": {
            "title": "Är Detta Bara På Låtsas?",
            "description": "En dold pärla, va?",
            "earned": "En dold beståndsdel!"
        }
    },
    "loadingMessage": {
        "combine": "Kombinera beståndsdelarna för att se vad du kan komma med!",
        "longpress": "Tryck och håll på beståndsdelen för att får mer information om den.",
        "signin": "Om du loggar in kan du synkronisera dina framsteg med olika enheter.",
        "newsletter": "<a href=http://littlealchemy.com/newsletter target=_blank> Klicka här för att registrera dig för vårt nyhetsbrev och se till att du aldrig missar en uppdatering igen! </a>",
        "shareProgress": "Du kan trycka på beståndsdelsräknaren för att dela dina framsteg med dina vänner.",
        "achievements": "Kolla i menyn efter prestationer.",
        "leaderboards": "Om du är inloggad kan du kolla dina vänners framsteg i menyn.",
        "finalClear": "Om du har de sista beståndsdelarna på arbetsytan kan du trycka på återvinningsknappen en gång för att rensa dem och lämna allting annat intakt.",
        "clone": "Dubbeltryck och flytta objektet på arbetsytan för att kopiera det.",
        "mixItself": "Du vet väl att du kan blanda objektet med sig själv, eller hur?",
        "hideFinal": "I inställningar kan du dölja slutgiltiga beståndsdelar från biblioteket",
        "hydrated": "Håll dig återfuktad.",
        "salad": "Sallad på rostbröd.",
        "cookies": "chokladkakor = utsökt",
        "randomMessage": "Genererar slumpmässiga laddningsmeddelanden...",
        "smile": "¯\\_(ツ)_/¯",
        "breaks": "Kom ihåg att ta pauser då och då.",
        "overcomplicating": "Överkomplicerar biblioteket...",
        "science": "Vetenskap! \\o/"
    }
}