{"1":"vatten","2":"eld","3":"jord","4":"luft","5":"ånga","6":"lava","7":"tryck","8":"vulkan","9":"hav","10":"ocean","11":"energi","12":"lera","13":"regn","14":"damm","15":"moln","16":"storm","17":"gejser","18":"ö","19":"jordbävning","20":"vind","21":"utbrott","22":"himmel","23":"orkan","24":"växt","25":"krut","26":"explosion","27":"sten","28":"sand","29":"aska","30":"kol","31":"diamant","32":"glas","33":"timglas","34":"akvarium","35":"växthus","36":"metall","37":"rost","38":"panna","39":"kula","40":"stål","41":"tid","42":"träd","43":"träsk","44":"liv","45":"plankton","46":"fågel","47":"fenix","48":"människa","49":"ägg","50":"lera","51":"golem","52":"keramik","53":"verktyg","54":"ångmaskin","55":"knivblad","56":"trä","57":"yxa","58":"skog","59":"kärlek","60":"skogshuggare","61":"tåg","62":"ångbåt","63":"lägereld","64":"fiskrom","65":"omelett","66":"kaviar","67":"sköldpadda","68":"fisk","69":"ödla","70":"åker","71":"bonde","72":"hus","73":"boskap","74":"kyckling","75":"gräs","76":"ko","77":"mjölk","78":"ost","79":"måne","80":"tobak","81":"pipa","82":"hjul","83":"cykel","84":"vete","85":"mjöl","86":"deg","87":"bröd","88":"frukt","89":"paj","90":"kött","91":"smörgås","92":"rök","93":"skinka","94":"pistol","95":"lik","96":"zombie","97":"kista","98":"grav","99":"kyrkogård","100":"båt","101":"öken","102":"kaktus","103":"sjögräs","104":"drake","105":"cyklist","106":"brandman","107":"strand","108":"sol","109":"palmträd","110":"regnbåge","111":"tsunami","112":"blod","113":"segelbåt","114":"el","115":"glödlampa","116":"julgran","117":"klocka","118":"frankenstein","119":"tråd","120":"motorsåg","121":"elektriker","122":"ljus","123":"elektrisk ål","124":"solros","125":"olja","126":"dag","127":"natt","128":"solcell","129":"solförmörkelse","130":"våg","131":"tidvatten","132":"eldstad","133":"solur","134":"dubbel regnbåge!","135":"lie","136":"gravsten","137":"skymning","138":"flöjt","139":"vattenledning","140":"vilt djur","141":"orm","142":"sjukdom","143":"kyla","144":"snö","145":"sjösjuka","146":"snögubbe","147":"rostbröd","148":"is","149":"svärd","150":"pingvin","151":"väderkvarn","152":"surt regn","153":"flygplan","154":"alg","155":"allergi","156":"alligator","157":"krigare","158":"ängel","159":"antarktis","160":"skärgård","161":"rustning","162":"astronaut","163":"atmosfär","164":"atombomb","165":"gris","166":"bakterie","167":"lada","168":"bajonett","169":"bäver","170":"fågelholk","171":"snöstorm","172":"tegel","173":"uggla","174":"slaktare","175":"bil","176":"träkol","177":"stjärna","178":"riddare","179":"gök","180":"dinosaurie","181":"hund","182":"anka","183":"sanddyn","184":"ingenjör","185":"glasögon","186":"familj","187":"fruktträd","188":"fruktträdgård","189":"fyrverkerier","190":"översvämning","191":"dimma","192":"trädgård","193":"granat","194":"hagel","195":"hö","196":"hjälte","197":"horisont","198":"häst","199":"sjukhus","200":"glass","201":"berg","202":"glaciär","203":"alkohol","204":"nörd","205":"kärra","206":"vagn","207":"läkare","208":"papper","209":"tidning","210":"salt","211":"vampyr","212":"solglasögon","213":"igloo","214":"sandstorm","215":"oas","216":"robot","217":"sushi","218":"trädkoja","219":"enhörning","220":"bacon","221":"cigarett","222":"pilot","223":"sjöhäst","224":"fossil","225":"ring","226":"Pegasus","227":"haj","228":"rymd","229":"yoghurt","230":"dator","231":"mus","232":"bagare","233":"blyertspenna","234":"sjöstjärna","235":"vin","236":"teleskop","237":"pizza","238":"katt","239":"ljud","240":"lasersvärd","241":"jedi","242":"varg","243":"varulv","244":"liemannen","245":"sjöman","246":"kamel","247":"vägg","248":"planet","249":"raket","250":"svärdfisk","251":"full","252":"musik","253":"rök","254":"öl","255":"fiskmås","256":"saft","257":"by","258":"sax","259":"berättelse","260":"brev","261":"kokosnöt","262":"kokosmjölk","263":"socker","264":"fladdermus","265":"ekorre","266":"flod","267":"kaka","268":"isberg","269":"gam","270":"ben","271":"skittles","272":"sockervadd","273":"fryst yoghurt","274":"swedish fish","275":"ring pop","276":"nerds","277":"isglass","278":"peeps","279":"pop rocks","280":"sweethearts","281":"pokki","282":"slott","283":"kentaur","284":"fågelbo","285":"lejon","286":"hundkoja","287":"skyskrapa","288":"dynamit","289":"get","290":"flingor","291":"svart hål","293":"starburst","294":"juicy fruit","295":"karamell","296":"goldfish","297":"astronaut ice cream","298":"milky way","299":"guiness float","300":"caramel apple","301":"fyr","302":"surfare","303":"apa","304":"idé","305":"galax","306":"lampa","307":"spegel","308":"meteoroid","309":"meteor","310":"näbbdjur","311":"sjörövare","312":"lavalampa","313":"hamburgare","314":"e-postmeddelande","315":"prisma","316":"sandpapper","317":"drake","318":"origami","319":"darth vader","320":"staty","321":"willy wonka","322":"choklad","323":"mounds","324":"caramelo","325":"twix","326":"cadbury eggs","327":"chokladmjölk","328":"kakdeg","329":"red vines","330":"fun dip","331":"stad","332":"örn","333":"klocka","334":"ambulans","335":"sjöko","336":"skidglasögon","337":"simglasögon","338":"cyborg","339":"sjöjungfru","340":"får","341":"alien","342":"bok","343":"batman","344":"damm","345":"internet","346":"motorcykel","347":"lavin","348":"läder","349":"trollkarl","350":"faun","351":"guld","352":"mossa","353":"äggklocka","354":"smör","355":"syre","356":"pyramid","357":"sandslott","358":"yoda","359":"paraply","360":"damm","361":"ull","362":"fågelskrämma","363":"koldioxid","364":"monark","365":"bro","366":"kvast","367":"blad","368":"kyl","369":"skrivare","370":"skorpion","371":"jultomten","372":"ren","373":"släde","374":"polkagris","375":"julstrumpa","376":"skorsten","377":"tröja","378":"present","379":"snöboll","380":"snowboard","381":"bältdjur","382":"duva","383":"vattenflygplan","384":"narwhal","385":"piraya","386":"titanic","387":"obsidian","388":"mumie","389":"pengar","390":"flygfisk","391":"stridsvagn","392":"solsystem","393":"pappersflygplan","394":"banan","395":"sandsten","396":"papegoja","397":"torris","398":"ficklampa","399":"dagg","400":"trojansk häst","401":"kattmynta","402":"skalpell","403":"skateboard","404":"väckarklocka","405":"vattenpistol","406":"vindkraftverk","407":"spargris","408":"sengångare","409":"marshmallows","410":"säl","411":"helikopter","412":"te","413":"picknick","414":"påfågel","415":"ros","416":"blomma","417":"kolibri","418":"kameleont","419":"räv","420":"vildsvin","421":"brandbil","422":"medusa","423":"flygekorre","424":"staket","425":"elbil","426":"struts","427":"milkshake","428":"karta","429":"gräsklippare","430":"råttfälla","431":"bomull","432":"tråd","433":"tyg","434":"bank","435":"excalibur","436":"isglass","437":"hackspett","438":"trollstav","439":"sjörövarskepp","440":"stjärnbild","441":"datormus","442":"pasta","443":"shuriken","444":"ninja","445":"sadel","446":"noter","447":"munk","448":"fiskespö","449":"citronsaft","450":"majonnäs","451":"konfetti","452":"häxa","453":"skelett","454":"spindel","455":"spindelnät","456":"spöke","457":"grönsak","458":"pumpa","459":"kristallkula","460":"lyktgubbe","461":"bi","462":"fjäril","463":"bikupa","464":"honung","465":"vax","466":"ljus","467":"näckros","468":"flodhäst","469":"petroleum","470":"pinocchio","471":"omslagspapper","472":"minotaur","473":"vas","474":"rymdstation","475":"tvål","476":"fontän","477":"nål","478":"trumma","479":"smet","480":"snöskoter","481":"råtta","482":"sfinx","483":"marmelad","484":"ostburgare","485":"kråka","486":"elpistol","487":"kanon","488":"mixer","489":"skottsäker väst","490":"högaffel","491":"ufo","492":"kaka","493":"grill","494":"simmare","495":"metare","496":"lantgård","497":"ruiner","498":"stek","499":"rymdskepp","500":"godzilla","501":"hästsko","502":"soda","503":"traktor","504":"groda","505":"brevbärare","506":"bandage","507":"timmerstuga","508":"buss","509":"alpacka","510":"rep","511":"vattenpöl","512":"grillad ost","513":"pterodactyl","514":"snöglob","515":"eldkastare","516":"vattenfall","517":"ozon","518":"myra","519":"färg","520":"skattkarta","521":"skatt","522":"hammare","523":"bergskedja","524":"släktträd","525":"husbil","526":"mögel","527":"bageri","528":"glassbil","529":"trädgårdsmästare","530":"supernova","531":"doge","532":"härskarringen","533":"tangentbordskatt","534":"ninja turtle","535":"pepparkaksgubbe","536":"pepparkakshus","537":"skyddsglasögon","538":"höbal","539":"harpa","540":"lyckokaka","541":"kycklingvinge","542":"recept","543":"pommes frites","544":"linjal","545":"kycklingsoppa","546":"iste","547":"tyrannosaurus rex","548":"sjö","549":"ankunge","550":"tukan","551":"optisk fiber","552":"stetoskop","553":"pasta med ostsås","554":"Loch Ness-odjuret","555":"bananbröd","556":"drönare","557":"torkat kött","558":"saga","559":"murgröna","560":"hamster","561":"bergsget","562":"morot","563":"penicillin","564":"dammsugare","565":"yeti","566":"norrsken","567":"bonsaiträd","568":"brandsläckare","569":"gnom","570":"granit","571":"häck","572":"mikroskop","573":"mars","574":"roomba","575":"smoothie","576":"tardis","577":"doktorn","578":"stålull","579":"färgkrita","580":"tunnel","581":"kvicksand","582":"fallskärm","583":"husky","584":"berg-och-dalbana","585":"pennvässare","586":"symaskin","587":"don quijote","588":"kassaskåp","589":"strössel","590":"kedja","591":"röksignal","592":"lasso","593":"mal","594":"kittel","595":"tält","596":"parfym","597":"kaschmir","598":"mutter","599":"ritning","600":"kudde","601":"röntgen","602":"ört","603":"bibliotek","604":"kappa","605":"jak","606":"fönster","607":"plånbok","608":"kokbok","609":"fisk och pommes frites","610":"oljelamp","611":"såpbubbla","612":"vinäger","613":"vattenhjul","614":"kanin","615":"krona","616":"saturnus","617":"spagetti"}
