{"1":"water","2":"fire","3":"earth","4":"air","5":"steam","6":"lava","7":"pressure","8":"volcano","9":"sea","10":"ocean","11":"energy","12":"mud","13":"rain","14":"dust","15":"cloud","16":"storm","17":"geyser","18":"isle","19":"earthquake","20":"wind","21":"eruption","22":"sky","23":"hurricane","24":"plant","25":"gunpowder","26":"explosion","27":"stone","28":"sand","29":"ash","30":"coal","31":"diamond","32":"glass","33":"hourglass","34":"aquarium","35":"greenhouse","36":"metal","37":"rust","38":"boiler","39":"bullet","40":"steel","41":"time","42":"tree","43":"swamp","44":"life","45":"plankton","46":"bird","47":"phoenix","48":"human","49":"egg","50":"clay","51":"golem","52":"pottery","53":"tool","54":"steam engine","55":"blade","56":"wood","57":"axe","58":"forest","59":"love","60":"lumberjack","61":"train","62":"steamboat","63":"campfire","64":"hard roe","65":"omelette","66":"caviar","67":"turtle","68":"fish","69":"lizard","70":"field","71":"farmer","72":"house","73":"livestock","74":"chicken","75":"grass","76":"cow","77":"milk","78":"cheese","79":"moon","80":"tobacco","81":"pipe","82":"wheel","83":"bicycle","84":"wheat","85":"flour","86":"dough","87":"bread","88":"fruit","89":"pie","90":"meat","91":"sandwich","92":"smoke","93":"ham","94":"gun","95":"corpse","96":"zombie","97":"coffin","98":"grave","99":"graveyard","100":"boat","101":"desert","102":"cactus","103":"seaweed","104":"dragon","105":"cyclist","106":"fireman","107":"beach","108":"sun","109":"palm","110":"rainbow","111":"tsunami","112":"blood","113":"sailboat","114":"electricity","115":"light bulb","116":"christmas tree","117":"clock","118":"frankenstein","119":"wire","120":"chainsaw","121":"electrician","122":"light","123":"electric eel","124":"sunflower","125":"oil","126":"day","127":"night","128":"solar cell","129":"eclipse","130":"wave","131":"tide","132":"fireplace","133":"sundial","134":"double rainbow!","135":"scythe","136":"gravestone","137":"twilight","138":"flute","139":"water pipe","140":"wild animal","141":"snake","142":"sickness","143":"cold","144":"snow","145":"seasickness","146":"snowman","147":"toast","148":"ice","149":"sword","150":"penguin","151":"windmill","152":"acid rain","153":"airplane","154":"algae","155":"allergy","156":"alligator","157":"warrior","158":"angel","159":"antarctica","160":"archipelago","161":"armor","162":"astronaut","163":"atmosphere","164":"atomic bomb","165":"pig","166":"bacteria","167":"barn","168":"bayonet","169":"beaver","170":"birdhouse","171":"blizzard","172":"brick","173":"owl","174":"butcher","175":"car","176":"charcoal","177":"star","178":"knight","179":"cuckoo","180":"dinosaur","181":"dog","182":"duck","183":"dune","184":"engineer","185":"glasses","186":"family","187":"fruit tree","188":"orchard","189":"fireworks","190":"flood","191":"fog","192":"garden","193":"grenade","194":"hail","195":"hay","196":"hero","197":"horizon","198":"horse","199":"hospital","200":"ice cream","201":"mountain","202":"glacier","203":"alcohol","204":"nerd","205":"cart","206":"wagon","207":"doctor","208":"paper","209":"newspaper","210":"salt","211":"vampire","212":"sunglasses","213":"igloo","214":"sandstorm","215":"oasis","216":"robot","217":"sushi","218":"treehouse","219":"unicorn","220":"bacon","221":"cigarette","222":"pilot","223":"seahorse","224":"fossil","225":"ring","226":"pegasus","227":"shark","228":"space","229":"yogurt","230":"computer","231":"mouse","232":"baker","233":"pencil","234":"starfish","235":"wine","236":"telescope","237":"pizza","238":"cat","239":"sound","240":"lightsaber","241":"jedi","242":"wolf","243":"werewolf","244":"grim reaper","245":"sailor","246":"camel","247":"wall","248":"planet","249":"rocket","250":"swordfish","251":"drunk","252":"music","253":"smog","254":"beer","255":"seagull","256":"juice","257":"village","258":"scissors","259":"story","260":"letter","261":"coconut","262":"coconut milk","263":"sugar","264":"bat","265":"squirrel","266":"river","267":"cookie","268":"iceberg","269":"vulture","270":"bone","271":"skittles","272":"cotton candy","273":"frozen yogurt","274":"swedish fish","275":"ring pop","276":"nerds","277":"popsicle","278":"peeps","279":"pop rocks","280":"sweethearts","281":"pokki","282":"castle","283":"centaur","284":"nest","285":"lion","286":"doghouse","287":"skyscraper","288":"dynamite","289":"goat","290":"cereal","291":"black hole","293":"starburst","294":"juicy fruit","295":"caramel","296":"goldfish","297":"astronaut ice cream","298":"milky way","299":"guiness float","300":"caramel apple","301":"lighthouse","302":"surfer","303":"monkey","304":"idea","305":"galaxy","306":"lamp","307":"mirror","308":"meteoroid","309":"meteor","310":"platypus","311":"pirate","312":"lava lamp","313":"hamburger","314":"email","315":"prism","316":"sandpaper","317":"kite","318":"origami","319":"darth vader","320":"statue","321":"willy wonka","322":"chocolate","323":"mounds","324":"caramelo","325":"twix","326":"cadbury eggs","327":"chocolate milk","328":"cookie dough","329":"red vines","330":"fun dip","331":"city","332":"eagle","333":"watch","334":"ambulance","335":"manatee","336":"ski goggles","337":"swim goggles","338":"cyborg","339":"mermaid","340":"sheep","341":"alien","342":"book","343":"batman","344":"dam","345":"internet","346":"motorcycle","347":"avalanche","348":"leather","349":"wizard","350":"faun","351":"gold","352":"moss","353":"egg timer","354":"butter","355":"oxygen","356":"pyramid","357":"sand castle","358":"yoda","359":"umbrella","360":"pond","361":"wool","362":"scarecrow","363":"carbon dioxide","364":"monarch","365":"bridge","366":"broom","367":"leaf","368":"fridge","369":"printer","370":"scorpion","371":"santa","372":"reindeer","373":"sledge","374":"candy cane","375":"christmas stocking","376":"chimney","377":"sweater","378":"gift","379":"snowball","380":"snowboard","381":"armadillo","382":"pigeon","383":"seaplane","384":"narwhal","385":"piranha","386":"titanic","387":"obsidian","388":"mummy","389":"money","390":"flying fish","391":"tank","392":"solar system","393":"paper airplane","394":"banana","395":"sandstone","396":"parrot","397":"dry ice","398":"flashlight","399":"dew","400":"trojan horse","401":"catnip","402":"scalpel","403":"skateboard","404":"alarm clock","405":"water gun","406":"wind turbine","407":"piggy bank","408":"sloth","409":"marshmallows","410":"seal","411":"helicopter","412":"tea","413":"picnic","414":"peacock","415":"rose","416":"flower","417":"hummingbird","418":"chameleon","419":"fox","420":"wild boar","421":"firetruck","422":"medusa","423":"flying squirrel","424":"fence","425":"electric car","426":"ostrich","427":"milk shake","428":"map","429":"lawn mower","430":"mousetrap","431":"cotton","432":"thread","433":"fabric","434":"bank","435":"excalibur","436":"popsicle","437":"woodpecker","438":"wand","439":"pirate ship","440":"constellation","441":"computer mouse","442":"pasta","443":"shuriken","444":"ninja","445":"saddle","446":"sheet music","447":"donut","448":"fishing rod","449":"lemonade","450":"mayonnaise","451":"confetti","452":"witch","453":"skeleton","454":"spider","455":"web","456":"ghost","457":"vegetable","458":"pumpkin","459":"crystal ball","460":"jack-o'-lantern","461":"bee","462":"butterfly","463":"beehive","464":"honey","465":"wax","466":"candle","467":"water lily","468":"hippo","469":"petroleum","470":"pinocchio","471":"wrapping paper","472":"minotaur","473":"vase","474":"space station","475":"soap","476":"fountain","477":"needle","478":"drum","479":"batter","480":"snowmobile","481":"rat","482":"sphinx","483":"jam","484":"cheeseburger","485":"crow","486":"taser","487":"cannon","488":"blender","489":"bulletproof vest","490":"pitchfork","491":"ufo","492":"cake","493":"bbq","494":"swimmer","495":"angler","496":"farm","497":"ruins","498":"steak","499":"spaceship","500":"godzilla","501":"horseshoe","502":"soda","503":"tractor","504":"frog","505":"mailman","506":"bandage","507":"log cabin","508":"bus","509":"alpaca","510":"rope","511":"puddle","512":"grilled cheese","513":"pterodactyl","514":"snow globe","515":"flamethrower","516":"waterfall","517":"ozone","518":"ant","519":"paint","520":"treasure map","521":"treasure","522":"hammer","523":"mountain range","524":"family tree","525":"rv","526":"mold","527":"bakery","528":"ice cream truck","529":"gardener","530":"super nova","531":"doge","532":"the one ring","533":"keyboard cat","534":"ninja turtle","535":"gingerbread man","536":"gingerbread house","537":"safety glasses","538":"hay bale","539":"harp","540":"fortune cookie","541":"chicken wing","542":"recipe","543":"french fries","544":"ruler","545":"chicken soup","546":"iced tea","547":"tyrannosaurus rex","548":"lake","549":"duckling","550":"toucan","551":"optical fiber","552":"stethoscope","553":"mac and cheese","554":"nessie","555":"banana bread","556":"drone","557":"jerky","558":"fairy tale","559":"ivy","560":"hamster","561":"mountain goat","562":"carrot","563":"penicillin","564":"vacuum cleaner","565":"yeti","566":"aurora","567":"bonsai tree","568":"fire extinguisher","569":"gnome","570":"granite","571":"hedge","572":"microscope","573":"mars","574":"roomba","575":"smoothie","576":"tardis","577":"the doctor","578":"steel wool","579":"crayon","580":"tunnel","581":"quicksand","582":"parachute","583":"husky","584":"roller coaster","585":"pencil sharpener","586":"sewing machine","587":"don quixote","588":"safe","589":"sprinkles","590":"chain","591":"smoke signal","592":"lasso","593":"moth","594":"cauldron","595":"tent","596":"perfume","597":"cashmere","598":"nut","599":"blueprint","600":"pillow","601":"x-ray","602":"herb","603":"library","604":"cape","605":"yak","606":"window","607":"wallet","608":"cookbook","609":"fish and chips","610":"oil lamp","611":"soap bubble","612":"vinegar","613":"waterwheel","614":"rabbit","615":"crown","616":"saturn","617":"spaghetti"}